harvest,years hunting,years hunted last 5,land,land fee,trail cameras,archery bear,I hunt with the goal of harvesting an antlered deer only.,archery hunt,hunt opening day,days scouting,Muzzleloader days,archery flintlock days,1st monday,1st tuesday,1st wednesday,1st thursday,1st friday,1st saturday,2nd monday,2nd tuesday,2nd wednesday,2nd thursday,2nd friday,2nd saturday,firearm hunting camp,firearm portable treestand,firearm permanent treestand,firearm urine lure,deer drive,firearm live in wmu,firearm miles travelled,age began,current home,start home,health,Base Hunting License,firearm days,total days
0,5,5,-1,0,0,0,2,0,1,10,0,0,1,0,0,1,1,1,1,0,0,0,0,1,0,0,0,0,1,1,2,12,2,1,4,1,6,6
0,39,5,1,0,1,0,1,1,1,10,0,10,1,0,0,0,1,1,0,0,0,0,1,1,0,0,0,0,1,1,8,12,2,2,4,2,5,28
1,20,5,1,0,0,1,2,1,1,8,0,0,1,1,1,1,1,1,0,0,0,1,1,1,0,0,1,1,1,1,1,8,1,1,2,2,9,17
0,59,5,-1,0,0,0,-1,0,1,1,0,0,1,1,0,0,1,1,1,0,0,0,0,1,0,0,0,0,0,1,25,16,1,1,4,3,6,6
0,58,5,0,0,0,0,,1,1,0,0,10,1,1,1,1,1,1,1,0,1,1,1,0,0,0,0,0,1,0,25,12,2,1,3,3,10,40
0,7,5,1,0,2,0,0,0,1,30,0,0,1,0,0,1,1,1,0,1,0,1,0,1,0,1,0,0,0,1,1,10,1,1,4,2,7,7
1,45,5,-1,0,1,0,0,1,1,6,0,0,1,1,0,0,1,1,1,0,0,0,1,1,0,1,0,0,0,1,8,12,1,2,3,2,7,15
0,20,5,1,0,0,0,-1,0,0,0,0,0,0,1,1,0,0,0,0,0,0,0,0,0,0,0,1,0,0,1,0,12,1,3,2,2,2,2
0,7,5,1,0,1,0,0,0,1,7,10,10,1,1,1,1,0,0,1,0,0,1,1,1,0,1,1,1,0,1,12,38,1,1,4,2,8,28
1,48,5,0,0,0,0,-2,1,1,1,0,0,1,0,0,0,0,0,0,0,0,0,0,0,0,1,0,1,0,0,15,12,3,2,3,2,1,9
0,56,5,1,0,2,0,2,0,1,5,0,0,1,1,1,0,0,1,1,0,0,0,0,1,1,0,1,0,0,1,8,14,1,2,3,3,6,6
1,47,5,0,0,0,0,1,1,0,8,0,3,0,0,0,0,0,0,1,1,0,0,0,1,0,0,0,0,0,1,15,12,1,1,3,2,3,26
0,48,5,-1,0,0,0,2,0,1,2,0,0,1,1,0,0,1,1,0,0,0,0,0,1,1,0,0,0,1,0,70,16,3,2,2,3,5,5
1,18,5,-1,0,1,0,0,1,0,0,0,0,0,0,0,0,0,0,0,0,0,0,0,0,1,0,0,0,1,0,30,12,3,3,4,2,0,8
1,31,5,1,0,0,0,,1,1,20,3,0,1,0,0,0,0,1,0,0,0,0,0,1,0,1,0,0,0,1,4,12,1,1,3,2,3,19
0,31,5,-1,0,0,0,-1,0,0,10,0,0,0,0,0,0,0,1,1,1,1,1,1,0,0,0,0,0,0,0,45,16,3,1,2,2,6,6
0,46,5,0,0,0,0,2,0,1,60,0,0,1,1,1,1,1,1,1,1,1,1,1,1,0,1,0,1,0,0,64,16,3,3,4,2,12,12
0,40,5,-1,0,0,0,2,0,1,30,0,0,1,1,1,1,1,1,0,0,0,0,0,1,0,0,0,0,1,0,10,12,1,1,3,2,7,7
0,30,5,-1,0,1,0,2,0,1,0,0,0,1,1,1,1,1,1,1,1,1,1,1,1,0,0,0,0,0,0,205,18,2,2,3,2,12,12
0,16,5,0,0,0,0,0,1,1,14,0,10,1,1,1,0,0,1,0,0,0,0,0,1,0,1,1,1,0,1,6,14,1,1,4,2,5,35
0,50,5,-1,0,0,0,-1,0,1,0,0,0,1,1,0,0,1,1,0,0,0,1,1,1,0,0,0,0,0,0,20,12,2,2,3,3,7,7
0,30,4,1,0,1,0,-2,0,0,0,0,0,0,0,0,0,0,0,0,0,0,0,0,0,0,0,1,0,0,0,0,,2,1,1,3,0,0
0,30,3,0,0,0,0,0,0,0,2,0,5,0,0,1,1,1,0,0,0,0,0,1,0,0,0,0,0,0,1,20,12,2,2,4,2,4,9
0,65,5,1,0,0,0,0,0,1,0,0,0,1,1,0,0,0,1,1,0,0,0,1,1,0,0,0,0,0,0,10,9,2,1,3,3,6,6
1,55,5,1,0,0,0,0,0,1,2,0,5,1,1,1,1,1,1,1,1,1,1,1,1,0,0,0,0,0,1,1,15,1,1,2,3,12,17
0,11,5,-1,0,1,0,-1,0,0,15,0,0,0,0,0,1,1,1,0,0,0,1,1,1,0,1,0,1,0,1,30,13,1,1,3,2,6,6
0,53,5,1,0,0,0,1,0,1,5,0,0,1,1,0,0,1,1,0,0,0,0,0,0,0,0,0,0,0,1,0,22,1,4,2,3,4,4
0,47,5,1,0,1,0,0,1,0,20,0,0,0,0,0,0,0,1,0,0,0,0,0,1,0,0,0,0,1,1,25,12,1,1,3,2,2,22
0,3,2,1,0,0,0,0,0,0,0,0,0,0,1,1,1,1,1,1,1,1,1,1,1,0,1,0,0,0,1,8,15,1,1,3,2,11,11
0,49,5,1,0,0,0,1,1,1,0,0,4,1,1,1,0,0,0,0,0,1,0,0,1,0,0,1,0,0,0,24,12,3,3,3,2,5,17
0,43,5,-1,0,0,0,1,0,1,25,0,12,1,1,1,1,1,1,1,1,1,1,1,1,0,0,0,0,0,1,25,12,1,1,1,2,12,24
0,7,5,1,0,0,0,0,0,1,0,0,0,1,0,0,0,0,1,0,0,0,0,1,1,0,0,0,0,0,1,10,16,1,1,4,2,4,4
0,46,5,0,0,0,0,2,0,1,10,0,0,1,1,1,1,1,1,1,1,1,1,1,1,0,0,0,1,0,1,10,12,1,1,1,2,12,12
0,4,3,-1,0,0,0,-1,1,1,2,5,0,0,0,0,0,1,1,0,0,0,0,1,1,0,0,0,1,0,1,5,14,1,1,3,1,4,9
0,45,5,1,0,0,0,2,0,1,3,0,0,1,1,1,0,0,1,0,0,0,0,0,1,0,1,1,0,0,0,140,13,1,1,4,2,5,5
0,30,5,-1,0,0,0,2,0,1,2,0,0,1,1,1,0,0,0,0,0,0,0,0,0,1,0,0,1,0,0,400,16,1,1,1,2,3,3
0,35,5,1,0,0,0,1,0,1,2,0,0,1,1,0,0,0,0,0,0,0,0,0,0,1,0,1,0,0,0,125,20,1,1,4,2,2,2
1,20,5,1,0,0,0,-1,0,1,2,0,0,1,0,1,0,0,0,1,0,0,0,0,0,0,0,0,0,0,1,8,12,1,1,3,3,3,3
0,1,1,1,0,0,0,0,0,1,0,0,0,0,0,0,0,0,1,0,0,0,0,0,1,0,0,0,0,1,1,0,13,2,2,4,1,2,2
0,35,5,1,0,2,0,1,0,1,1,0,0,1,0,0,0,0,1,0,0,0,0,0,1,0,1,1,0,0,1,0,12,1,1,4,2,3,3
0,46,5,-1,0,0,0,1,0,1,0,0,0,1,1,1,0,0,1,0,0,0,0,1,1,1,0,0,0,0,0,130,16,3,1,4,2,6,6
0,22,2,1,0,0,0,0,0,1,14,0,0,1,0,0,0,0,0,1,0,0,0,0,0,0,0,0,0,0,1,10,12,1,1,3,2,2,2
1,53,5,1,0,0,0,0,1,1,20,0,5,1,1,1,1,1,1,1,1,1,1,1,1,0,0,0,0,0,1,10,11,1,1,2,2,12,30
0,20,5,0,0,0,0,0,0,1,0,0,0,1,0,0,0,1,1,0,0,0,0,1,1,0,0,0,0,1,1,0,12,1,1,4,2,5,5
1,7,5,0,0,0,0,0,1,1,2,0,7,1,1,0,0,1,1,0,0,0,0,1,1,0,0,1,0,1,1,2,9,3,1,3,1,6,17
1,20,5,1,0,2,0,-2,1,1,20,2,10,1,0,0,0,0,1,0,0,0,0,0,1,0,1,1,1,0,1,0,12,1,1,4,2,3,35
0,5,0,-1,0,0,0,-1,0,1,2,0,0,1,0,0,0,0,1,0,0,0,0,0,1,0,0,0,0,0,1,1,7,2,2,4,1,3,3
0,46,5,1,0,0,0,2,0,1,200,0,9,1,1,1,1,1,1,1,1,1,1,1,1,0,0,1,0,0,1,0,13,1,1,3,2,12,21
0,35,5,1,0,5,0,1,1,1,0,0,0,1,0,0,0,0,0,1,0,0,0,0,0,0,0,0,1,0,1,25,12,1,1,3,2,2,6
0,4,1,-1,0,0,0,-1,0,0,3,0,0,1,0,0,0,0,1,1,0,0,0,0,1,0,0,0,0,1,1,15,12,2,2,4,1,4,4
1,13,5,1,0,8,0,-1,1,1,5,0,4,1,0,0,0,0,1,0,0,0,0,0,1,0,0,1,0,0,0,10,12,1,1,4,2,3,20
0,30,3,-1,0,0,0,1,0,0,1,0,0,0,0,0,0,1,1,0,0,0,0,0,0,0,0,0,0,0,0,40,18,3,4,3,2,2,2
1,53,5,1,0,2,0,-1,1,1,5,0,0,1,0,0,0,0,1,0,0,0,0,0,1,0,1,0,0,1,0,40,14,1,3,3,3,3,11
0,35,5,0,0,1,0,-1,0,1,10,0,15,1,1,0,0,0,1,0,0,0,0,0,1,0,0,1,0,1,1,1,15,1,4,3,2,4,19
0,47,5,0,0,0,0,0,0,1,2,0,0,1,1,0,0,0,1,0,0,0,0,1,1,0,0,0,0,0,0,20,10,1,1,2,3,5,5
0,40,5,-1,0,0,0,-1,0,1,5,0,3,1,0,0,0,0,1,0,0,0,0,0,1,0,0,0,0,0,1,15,12,2,2,3,2,3,6
1,56,5,1,0,0,0,0,1,1,4,3,0,1,1,1,0,0,1,0,1,1,0,0,1,0,1,0,1,0,1,5,12,2,1,2,3,7,18
1,38,5,1,0,0,1,1,0,1,0,0,0,1,1,1,1,1,1,1,1,1,1,1,1,0,0,1,0,1,1,1,12,1,1,3,2,12,12
1,38,5,0,0,2,1,2,1,1,15,0,8,0,0,0,0,1,1,0,1,1,0,0,1,0,0,1,0,1,0,50,13,3,1,4,2,5,26
0,40,5,0,0,0,0,0,1,1,5,0,1,1,0,0,0,0,1,0,0,0,0,1,1,1,1,0,0,0,0,40,12,3,2,4,2,4,9
0,9,5,-1,0,0,0,1,0,0,0,0,0,0,0,1,0,0,0,0,1,0,0,1,0,0,0,0,0,0,0,26,14,2,2,4,2,3,3
1,54,5,1,0,0,0,1,0,1,3,0,0,1,1,0,0,1,1,0,0,0,0,0,1,0,1,0,1,1,1,0,12,1,1,2,2,5,5
0,16,1,1,0,0,0,1,0,0,0,0,0,0,0,0,0,1,1,0,0,0,0,0,1,0,0,0,0,0,1,2,14,1,1,3,2,3,3
0,18,5,0,0,0,0,2,0,1,2,0,0,1,1,0,0,0,1,0,0,0,0,0,1,1,0,0,0,0,0,70,21,3,3,4,2,4,4
0,10,4,-1,0,0,0,,0,0,0,0,0,0,0,0,1,1,0,1,1,0,0,0,0,0,0,0,0,0,0,12,12,2,1,4,2,4,4
1,16,5,1,0,0,0,-1,0,1,0,0,0,1,0,0,0,0,1,0,0,0,0,0,1,0,0,1,0,1,1,2,12,1,1,3,2,3,3
0,32,5,0,,0,0,1,1,1,1,0,2,0,0,0,0,0,1,0,0,0,0,0,1,0,0,0,0,1,1,5,12,3,3,4,2,2,12
0,10,5,1,0,0,0,2,0,1,2,0,0,1,1,1,1,1,1,1,1,1,1,1,1,0,0,1,0,0,0,0,12,1,1,4,2,12,12
0,18,5,0,0,0,0,-2,0,1,0,0,3,1,0,0,0,0,1,0,0,0,0,0,1,0,0,1,0,0,1,2,38,1,1,4,2,3,6
0,30,5,0,0,0,0,1,1,0,2,0,0,0,0,0,0,0,0,0,0,1,1,1,1,1,0,0,1,0,0,300,13,4,,4,2,4,8
1,35,5,0,0,12,1,0,1,0,2,2,2,0,0,0,0,0,1,0,0,0,0,0,1,0,0,0,0,0,0,80,14,2,1,3,2,2,26
1,70,5,0,0,0,0,1,0,1,0,2,7,1,1,1,1,1,1,1,1,1,1,1,1,0,0,0,0,0,1,0,12,2,1,3,3,12,21
0,23,4,-1,0,0,0,-2,1,0,25,0,0,0,1,1,1,1,0,0,1,1,1,1,0,0,1,0,0,0,1,15,12,2,2,4,2,8,28
1,35,5,0,1,1,0,1,1,0,4,0,15,0,1,1,0,0,1,0,0,0,0,1,1,0,0,1,1,0,1,7,12,2,2,4,2,5,40
0,43,5,0,0,1,0,1,1,1,0,0,3,1,1,1,1,1,1,1,1,1,1,1,1,0,0,0,0,0,1,1,12,2,1,2,2,12,28
1,50,5,1,0,0,0,1,0,1,5,0,0,1,1,1,0,0,1,0,0,0,0,0,0,0,1,0,0,0,0,55,12,3,2,3,3,4,4
0,39,5,0,0,0,0,-1,1,1,2,0,3,1,1,0,0,0,1,0,0,0,0,0,1,0,0,1,0,0,1,10,16,1,1,4,2,4,11
1,50,5,0,0,2,0,,1,1,7,0,0,1,1,1,1,1,1,1,1,1,1,1,1,0,0,0,0,0,1,10,12,2,1,3,2,12,32
0,1,1,-1,0,0,0,-1,0,0,1,0,0,0,0,0,1,1,1,1,1,0,0,0,0,0,0,0,0,0,0,80,34,3,3,3,2,5,5
1,4,3,1,0,5,0,0,1,0,3,0,0,0,1,1,0,0,0,0,1,1,0,1,1,1,1,0,0,1,0,52,25,3,1,4,2,6,14
1,20,5,1,0,0,0,0,0,1,2,0,0,0,0,0,0,1,1,0,0,0,0,0,0,0,1,0,0,0,0,30,16,1,1,4,2,2,2
0,50,5,0,0,0,0,0,0,,0,0,0,1,1,1,0,0,0,1,0,0,0,1,1,0,0,0,0,0,0,160,18,1,1,3,3,6,6
0,12,5,1,0,0,0,-2,0,0,0,2,0,0,0,0,0,1,1,0,0,0,0,0,0,0,0,1,1,0,0,35,31,2,2,4,2,2,4
0,20,5,-1,0,0,0,-1,0,0,0,0,0,0,0,0,0,0,1,0,0,0,0,0,1,0,0,0,0,0,1,20,12,1,1,3,2,2,2
1,31,5,0,0,1,1,2,1,1,10,0,0,1,0,0,1,0,0,0,0,0,0,0,0,0,0,0,0,0,1,0,13,1,1,4,2,2,22
0,10,5,0,0,2,0,,1,1,10,1,3,1,0,1,0,0,1,0,0,0,1,0,1,0,1,1,0,1,1,25,12,1,1,4,2,5,22
0,20,5,0,0,0,1,-2,1,1,3,0,3,1,0,0,0,1,1,0,0,0,0,0,1,1,0,0,0,,1,5,12,3,2,4,2,4,15
0,,3,0,0,0,0,0,1,1,4,0,0,1,1,1,1,1,1,0,0,0,0,0,0,0,1,0,0,0,1,5,15,2,1,2,2,6,19
0,20,4,1,0,1,0,,1,1,15,0,10,0,0,0,0,0,1,0,0,0,0,0,1,0,0,0,0,0,1,6,12,4,2,3,2,2,25
0,3,3,0,0,0,0,0,0,0,0,0,0,0,0,0,0,0,1,0,0,0,0,0,1,0,0,0,0,0,1,40,14,4,4,4,1,2,2
1,56,5,1,0,1,0,-1,1,1,0,0,0,1,1,1,1,1,1,0,0,0,0,1,1,0,1,0,1,0,1,0,12,2,2,3,3,8,21
0,50,5,1,0,0,0,-2,0,1,15,0,0,1,1,0,0,0,1,1,1,0,0,0,1,0,0,0,0,1,1,3,14,2,2,2,3,6,6
0,20,5,0,0,0,0,1,1,1,5,0,12,1,1,0,1,0,0,1,1,1,0,1,1,0,0,0,0,0,1,10,12,2,2,4,2,8,33
0,24,5,0,0,0,0,0,0,1,4,0,0,1,0,0,0,0,1,0,0,0,0,0,1,1,1,0,0,0,0,70,16,3,3,3,2,3,3
0,45,5,0,0,0,0,-1,0,1,5,0,0,1,1,1,1,1,1,1,0,0,0,1,1,0,0,0,0,1,1,1,,,,,2,9,9
0,8,2,1,0,0,0,-2,1,1,3,0,2,1,0,0,0,0,1,0,0,0,0,0,1,0,0,1,1,0,1,15,13,3,3,3,2,3,9
0,10,5,0,0,0,0,1,0,1,0,0,0,1,0,0,0,1,1,0,0,0,1,1,1,0,0,0,0,0,1,15,12,1,1,2,2,6,6
1,7,5,1,0,2,0,2,0,1,0,0,0,1,0,0,0,0,0,0,0,0,0,0,0,1,0,1,0,0,0,30,11,1,1,4,2,1,1
1,6,4,0,0,1,0,-1,1,1,1,0,0,1,0,0,0,0,1,0,0,0,0,0,1,1,1,1,1,0,0,100,18,3,1,4,2,3,7
0,28,5,1,0,0,0,2,0,1,2,0,5,1,0,0,0,0,1,0,0,0,0,0,1,0,0,1,0,1,1,15,12,3,1,3,2,3,8
0,11,5,1,0,0,0,0,1,1,10,0,5,1,0,0,0,1,1,0,0,1,0,1,1,0,0,1,0,1,1,10,11,1,1,2,2,6,19
0,7,3,1,0,0,0,0,0,1,0,0,0,1,0,0,0,0,0,0,0,0,0,0,0,0,0,1,0,0,0,1,10,1,1,4,1,1,1
0,3,3,0,0,1,0,1,0,1,0,0,0,1,0,0,0,1,1,0,1,0,0,0,1,0,0,0,0,1,0,2,12,1,1,4,1,5,5
0,9,5,1,0,0,0,-1,0,0,2,0,0,0,0,0,0,1,1,0,0,0,0,1,1,0,0,1,1,0,1,0,17,1,1,4,2,4,4
1,51,5,-1,0,0,0,0,1,1,6,0,0,1,1,0,0,0,1,1,0,0,0,0,1,0,0,0,0,0,1,10,12,2,2,2,2,5,13
0,44,5,1,0,0,0,-2,0,1,0,0,0,1,1,0,0,0,1,0,0,0,0,0,0,1,1,0,,1,0,150,12,3,1,3,2,3,3
0,49,5,,0,0,0,2,0,1,3,0,0,1,1,1,0,1,1,1,1,1,0,1,1,0,0,0,1,0,1,4,15,,1,2,2,10,10
0,35,5,1,0,0,0,1,0,1,21,0,0,1,0,0,0,0,1,0,0,0,0,0,1,,1,,,,1,25,18,4,4,3,2,3,3
0,24,5,1,0,0,0,2,0,0,5,0,0,0,0,0,1,1,1,0,0,0,0,0,0,0,0,0,0,0,0,170,12,3,1,4,2,3,3
1,4,4,1,0,2,0,1,1,1,0,0,0,1,0,0,0,0,0,0,0,0,0,0,1,0,0,1,0,0,1,1,11,1,1,4,1,2,6
1,2,2,0,0,0,0,1,0,1,1,0,0,1,0,0,0,0,1,0,0,0,0,0,1,1,0,0,0,0,0,25,12,1,1,4,1,3,3
1,8,4,1,0,0,0,,0,0,,0,0,0,0,0,0,1,1,0,0,0,0,1,1,0,1,1,0,1,1,5,12,1,1,4,2,4,4
0,2,2,0,0,0,0,0,0,1,0,0,0,1,1,1,0,0,1,0,0,1,0,0,1,0,0,0,0,0,1,10,40,2,2,4,2,6,6
1,50,5,1,0,0,0,-1,0,1,0,0,0,1,0,0,0,0,1,0,0,0,0,0,1,0,1,1,0,0,1,25,12,2,2,4,2,3,3
0,10,5,0,0,0,0,-1,0,1,5,0,0,1,0,0,0,0,1,0,1,0,0,1,1,0,0,0,0,0,1,8,12,1,1,4,2,5,5
1,4,4,1,0,1,0,1,1,1,5,0,0,1,1,1,1,1,1,1,1,1,1,1,1,,1,,,,1,15,12,1,1,4,1,12,16
0,42,5,-1,0,0,0,0,1,1,4,0,0,1,0,0,0,0,1,0,0,0,0,0,1,0,0,0,0,0,1,4,13,1,1,3,2,3,5
0,47,5,1,0,2,0,-1,0,1,0,0,0,1,0,0,0,0,0,0,0,0,0,0,0,0,0,1,1,0,1,2,12,1,1,2,2,1,1
0,50,5,1,0,0,0,0,0,1,5,0,0,1,0,0,0,0,0,0,0,0,0,0,1,0,0,0,1,1,0,25,12,3,3,3,3,2,2
0,53,5,1,0,1,0,-1,1,1,0,0,3,1,0,1,0,0,1,1,0,0,0,0,1,0,1,0,0,0,1,1,12,1,2,4,2,5,16
1,55,5,1,0,0,0,1,0,1,0,0,0,1,0,1,0,1,1,0,0,0,0,1,1,0,0,0,0,1,1,15,12,1,1,2,3,6,6
0,36,5,0,0,0,0,-1,1,1,5,0,0,1,1,0,0,0,1,0,0,0,0,0,1,0,0,0,0,0,1,15,12,3,3,3,2,4,12
0,5,2,1,0,4,0,0,1,1,5,0,0,1,1,0,0,1,1,0,0,0,0,1,1,0,0,1,0,1,1,3,8,1,1,4,1,6,14
0,62,5,0,0,0,0,1,0,1,0,0,5,1,1,1,1,1,1,0,1,1,0,0,1,0,0,0,0,0,1,0,15,1,1,4,3,9,14
0,50,5,0,0,0,0,2,0,1,0,0,0,1,0,0,0,0,0,0,0,0,0,0,1,0,0,0,0,0,1,5,12,1,1,2,2,2,2
1,9,5,1,0,0,0,1,0,1,0,0,0,1,0,0,0,1,1,0,0,0,0,1,1,0,0,1,0,0,1,2,16,2,2,4,2,5,5
0,,5,0,0,0,0,1,0,1,0,0,0,1,0,0,0,0,1,0,0,0,0,0,1,0,0,0,0,1,1,15,14,1,1,3,3,3,3
0,52,5,1,0,0,0,2,0,1,5,0,6,1,1,1,1,1,1,1,0,0,0,1,1,0,0,1,0,0,1,1,14,1,1,2,3,9,15
0,52,5,1,0,0,0,-1,0,1,0,0,0,1,1,0,0,1,1,0,0,0,0,0,1,0,0,0,0,0,1,0,15,1,1,2,3,5,5
0,30,5,1,0,0,0,0,0,1,0,0,0,1,0,0,0,1,1,0,0,0,0,1,1,0,0,1,0,0,1,2,16,1,1,3,2,5,5
0,10,5,0,0,0,0,-1,0,1,0,0,0,1,1,1,1,1,1,0,0,0,0,1,1,0,0,0,0,0,1,5,21,1,1,2,3,8,8
0,25,5,1,0,0,0,2,0,1,2,0,0,1,1,0,0,0,0,0,0,0,0,0,0,1,1,1,0,1,0,25,50,1,3,3,3,2,2
0,38,5,1,1,0,0,2,0,1,0,0,0,1,0,0,0,1,1,0,0,0,0,0,1,0,0,0,0,0,1,2,12,1,1,3,2,4,4
0,48,5,1,1,4,1,2,1,1,10,0,0,1,0,0,0,1,1,0,0,0,0,0,1,0,1,0,0,0,1,10,12,1,1,4,2,4,24
0,50,3,0,0,0,0,0,0,1,2,0,0,1,0,0,0,0,1,1,0,0,0,0,0,0,0,0,0,0,1,20,10,1,1,2,2,3,3
0,25,5,0,0,0,0,-2,0,1,2,0,0,1,0,0,0,1,1,0,0,0,0,0,1,0,0,0,0,0,1,1,12,2,2,3,2,4,4
0,57,5,-1,0,0,0,0,0,0,1,0,0,1,0,0,0,0,0,0,0,0,0,0,1,0,0,0,0,0,0,20,12,2,1,1,3,2,2
0,53,5,0,0,0,0,0,0,1,0,1,0,1,1,0,0,0,1,0,0,0,0,0,0,0,1,0,0,0,1,10,13,3,2,2,3,3,4
0,42,5,-1,0,1,0,1,0,1,14,0,0,1,1,0,1,1,1,1,0,0,1,1,1,0,0,0,1,1,0,30,12,2,1,3,2,9,9
0,66,5,0,0,0,0,-1,0,1,0,0,0,1,1,0,0,1,1,1,1,0,0,0,1,0,0,0,0,0,1,10,12,3,3,3,3,7,7
0,30,5,1,1,4,0,1,1,1,7,0,7,1,1,0,0,0,1,0,0,0,0,1,1,1,1,1,0,1,1,20,12,1,2,2,2,5,16
1,12,5,0,0,0,0,1,1,1,2,0,0,1,0,0,0,1,1,0,0,0,0,1,1,0,0,0,0,1,1,20,12,1,1,3,2,5,25
0,51,5,-1,0,0,0,-1,0,1,8,0,0,1,1,1,0,1,1,1,0,1,1,1,1,0,0,0,0,0,1,8,13,1,1,3,2,10,10
1,36,5,1,0,1,0,1,1,1,5,0,0,1,1,0,0,0,1,0,0,0,0,0,1,0,0,1,0,0,1,0,12,1,3,3,2,4,17
0,58,5,-1,0,0,0,,0,1,4,0,0,1,1,1,1,1,1,1,0,1,0,0,1,,,,,,,30,24,1,1,2,3,9,9
0,45,2,1,0,0,0,0,0,0,0,0,0,0,0,0,0,0,1,0,0,0,0,0,0,0,1,0,0,0,1,7,16,1,2,2,3,1,1
0,52,5,0,0,0,0,1,0,1,10,2,8,1,1,1,1,1,1,0,0,0,0,1,0,0,1,0,0,0,1,10,12,1,1,3,2,7,17
1,4,4,1,0,4,0,-2,1,1,15,0,0,1,0,0,0,0,0,0,0,0,0,0,0,0,0,1,0,0,1,1,9,1,1,4,1,1,3
0,50,5,1,0,0,0,2,0,1,0,0,0,1,1,0,0,0,1,0,0,0,0,0,1,0,0,0,0,0,1,30,14,2,2,3,2,4,4
0,55,5,0,0,0,1,0,1,1,7,5,5,1,1,1,1,1,1,0,0,0,1,1,1,0,1,0,0,0,1,4,14,1,1,2,3,9,39
0,10,5,-1,0,1,0,0,1,1,10,0,2,1,0,0,0,0,1,0,0,0,0,1,1,0,0,1,0,0,1,10,12,,2,4,2,4,14
0,51,5,1,0,0,0,-1,0,1,4,0,0,1,1,0,0,1,1,0,0,0,0,1,1,1,0,0,0,1,1,60,15,2,2,3,3,6,6
0,32,5,-1,0,0,0,0,0,1,1,3,6,1,0,0,0,1,1,0,0,0,0,1,1,0,0,0,0,0,1,3,12,2,1,4,2,5,14
0,2,2,1,0,0,0,0,0,1,0,0,0,1,0,0,0,0,1,0,0,0,0,0,1,0,1,1,0,0,1,0,14,1,1,4,1,3,3
0,64,5,0,0,0,0,,1,0,0,0,0,1,1,1,1,1,1,1,1,1,1,1,1,0,0,1,1,0,1,1,15,1,1,3,3,12,16
1,39,5,1,0,0,0,0,0,1,0,0,0,1,1,1,1,1,1,0,0,0,0,0,0,0,1,0,0,0,1,1,12,1,1,3,2,6,6
0,36,5,0,0,0,0,1,0,0,0,0,0,0,0,0,0,0,1,0,0,0,0,0,1,0,0,1,0,0,1,17,12,3,3,4,2,2,2
0,29,5,0,0,2,0,0,1,1,5,0,3,1,0,1,1,0,1,0,0,0,0,0,1,1,0,1,0,1,0,60,12,1,1,4,2,5,12
1,61,5,1,0,4,0,-1,1,1,0,0,0,1,0,0,0,0,1,0,0,0,0,0,0,0,0,1,0,0,1,15,12,2,1,2,3,2,10
0,12,5,0,0,,0,1,1,1,14,0,6,1,0,0,0,0,1,0,0,0,0,0,1,0,0,0,0,0,1,15,12,1,1,2,2,3,11
1,53,5,0,0,0,0,0,0,1,0,0,0,1,1,1,1,1,1,1,1,1,1,1,1,0,0,0,0,0,1,0,18,2,2,4,3,12,12
0,61,5,1,0,0,0,0,1,1,0,0,0,1,1,0,0,0,1,0,1,0,0,0,1,0,0,0,0,0,1,0,12,1,1,1,3,5,13
0,50,5,1,0,2,0,1,0,1,21,0,0,1,0,0,0,0,1,0,0,0,0,0,1,0,0,1,0,0,1,0,12,1,2,4,2,3,3
0,11,5,-1,0,0,0,0,1,1,2,0,0,1,1,0,0,0,1,0,0,0,0,0,0,1,1,1,1,1,0,100,12,1,1,4,2,3,7
0,48,5,0,0,1,0,1,0,1,5,0,0,1,1,1,0,1,1,1,0,1,0,1,1,0,0,0,0,1,1,5,12,1,1,4,2,9,9
0,47,5,1,0,0,0,2,0,1,24,0,0,1,1,1,1,1,1,1,1,1,1,1,1,0,,1,0,0,1,3,12,1,1,3,2,12,12
0,60,5,1,0,0,,,,,0,0,4,1,0,0,0,0,0,0,0,0,0,0,0,0,0,0,0,0,1,6,16,3,1,2,3,1,5
0,,,0,0,0,0,1,0,1,10,0,0,1,1,1,1,1,1,1,1,1,0,0,1,0,0,0,0,0,1,5,14,1,1,4,3,10,10
0,42,5,0,0,0,0,-2,0,1,0,0,0,1,1,0,0,0,1,0,0,0,0,0,0,0,0,0,0,0,1,20,16,4,4,3,2,3,3
0,67,5,1,0,0,0,-1,0,1,2,0,0,1,1,0,0,0,1,0,0,0,0,1,1,0,1,0,0,0,0,12,13,1,1,1,3,5,5
1,50,5,1,0,1,0,0,0,1,0,0,0,1,0,0,0,0,0,1,0,0,0,0,1,0,0,0,0,0,1,0,15,1,1,3,2,3,3
1,54,5,1,0,3,0,1,1,1,20,0,0,1,1,0,0,0,1,0,0,0,0,1,1,0,0,1,0,0,1,0,12,1,1,2,3,5,25
0,15,5,-1,0,0,0,-2,0,0,0,0,5,0,0,0,0,0,1,0,0,0,0,0,1,0,0,0,0,1,0,15,12,2,2,3,2,2,7
0,36,5,1,0,1,0,-1,1,1,2,0,0,1,0,0,0,0,1,0,0,0,0,0,1,0,1,0,0,0,1,3,12,2,2,3,2,3,7
0,26,5,1,1,0,0,2,1,1,5,0,0,1,0,0,0,0,1,0,0,0,0,0,1,0,1,1,1,0,0,90,12,3,1,4,2,3,7
0,40,5,1,,0,0,1,0,1,1,0,0,1,1,1,0,0,0,0,0,0,0,0,0,0,1,0,0,0,0,150,12,3,2,4,2,3,3
1,16,5,0,0,6,0,0,1,1,3,0,0,1,0,0,0,0,1,0,0,0,0,0,1,0,1,1,0,1,0,60,12,1,1,4,2,3,11
1,28,5,1,0,0,0,-1,1,1,6,0,0,1,0,0,0,0,1,0,0,0,0,1,1,0,0,0,0,1,1,5,12,2,2,3,2,4,17
0,30,5,1,0,0,0,1,1,1,5,0,3,1,1,1,1,1,1,1,1,1,1,1,1,1,1,0,0,1,1,5,12,2,1,3,2,12,23
1,14,5,1,0,0,0,0,0,1,0,0,0,1,0,0,0,0,1,0,0,0,0,0,0,0,0,1,0,0,0,40,13,1,1,4,2,2,2
0,40,5,1,0,0,0,-2,0,1,6,0,0,1,1,0,1,0,1,1,1,0,0,0,1,0,0,0,0,0,1,0,15,1,1,3,3,7,7
0,55,5,1,0,0,0,2,0,1,0,0,0,1,1,1,0,0,0,0,0,0,0,0,0,1,0,1,0,0,1,5,13,3,3,4,3,3,3
0,55,5,0,0,2,0,0,1,1,10,0,5,1,1,1,1,1,1,1,0,0,0,1,1,0,1,0,1,0,1,5,12,1,1,4,3,9,34
0,32,5,,0,0,0,1,0,1,15,0,5,1,0,0,0,0,1,1,1,1,1,0,1,0,1,0,0,0,1,23,13,1,1,4,2,7,12
1,8,5,-1,0,0,0,-1,0,1,0,0,0,1,1,1,0,0,0,0,0,0,1,1,1,1,0,0,0,0,0,100,12,1,1,4,2,6,6
0,41,5,0,0,1,0,0,0,1,3,0,0,1,1,1,1,1,0,1,1,1,1,1,0,1,0,0,0,0,0,50,12,1,1,4,2,10,10
1,35,5,1,0,0,0,-1,1,0,3,0,0,0,0,0,1,1,1,0,0,0,0,0,0,1,1,0,0,0,0,92,16,2,1,4,2,3,11
1,14,5,1,0,3,0,-2,0,0,5,1,10,0,0,0,0,0,1,0,0,0,0,0,1,0,0,0,0,1,1,20,12,2,2,4,2,2,13
0,49,5,0,0,0,0,-2,1,1,10,3,10,1,1,1,1,1,0,0,0,0,1,1,1,0,0,1,0,0,1,25,12,1,1,3,2,8,34
0,39,5,0,0,0,0,0,0,1,6,3,5,1,1,1,0,0,0,0,0,0,0,1,1,0,0,0,0,1,0,15,12,2,2,4,2,5,13
0,5,3,1,0,0,0,0,0,1,2,0,1,1,1,1,0,0,0,0,0,0,1,1,1,0,1,0,0,0,0,200,16,3,3,3,2,6,7
0,47,5,0,0,0,0,0,1,1,25,0,25,1,1,1,1,1,1,1,1,1,1,1,1,0,0,0,0,1,1,15,16,2,1,2,2,12,50
0,6,5,0,0,0,0,0,1,1,15,0,7,1,0,0,0,0,1,0,0,0,0,1,1,0,0,0,0,0,1,15,30,2,2,3,2,4,31
0,10,5,1,0,0,0,-2,0,1,0,0,0,1,0,0,0,0,1,0,1,0,0,0,1,0,0,0,0,0,1,2,21,1,1,4,3,4,4
0,3,3,1,0,0,0,-1,1,1,0,2,0,1,1,1,0,0,0,0,0,0,1,1,1,1,0,1,0,0,0,90,14,1,1,4,2,6,10
1,56,5,1,0,0,0,-1,1,1,0,0,0,1,0,0,0,0,0,0,0,0,0,0,1,0,0,1,0,0,0,55,12,1,1,3,3,2,15
1,35,5,1,0,0,0,-1,0,1,1,2,0,1,1,0,0,0,1,0,0,1,0,0,1,0,0,0,0,1,0,30,18,3,4,2,3,5,7
0,35,5,1,0,0,0,-1,1,1,5,2,0,1,0,0,0,0,1,0,0,0,0,0,1,0,0,0,0,0,1,20,12,3,1,2,2,3,13
0,34,5,1,0,2,0,2,1,1,21,1,0,1,1,1,0,0,0,0,0,0,0,1,1,1,0,0,0,1,0,100,12,3,2,4,2,5,10
1,30,5,-1,0,0,0,-1,0,1,2,0,0,1,1,1,1,1,1,1,1,1,1,1,1,0,1,0,0,0,0,10,12,1,1,4,2,12,12
0,3,3,-1,0,0,0,0,0,0,0,0,0,0,0,0,0,0,1,0,0,0,0,0,0,0,1,0,0,0,0,75,15,1,1,4,1,1,1
0,14,5,0,0,0,0,0,1,1,0,0,0,1,1,1,1,1,1,1,1,1,1,1,1,0,1,0,0,1,1,10,12,1,1,3,2,12,20
0,44,5,1,0,0,0,1,0,1,1,0,0,1,0,0,0,0,0,0,0,0,0,0,1,0,0,1,0,1,0,30,12,2,1,3,2,2,2
1,7,5,0,0,0,0,1,0,1,15,0,0,1,0,0,0,1,1,0,0,0,0,0,1,0,0,0,0,0,1,5,14,1,1,4,2,4,4
1,43,5,1,0,0,0,2,0,1,7,0,0,1,1,1,1,1,1,0,0,0,0,0,0,1,1,1,0,0,0,104,12,1,1,4,2,6,6
1,10,4,1,0,0,0,0,0,1,2,0,0,1,0,0,0,0,1,1,0,0,0,1,1,0,0,1,0,0,1,0,21,1,1,3,2,5,5
0,45,5,1,0,0,0,1,0,1,5,0,0,1,0,0,0,0,1,0,0,0,0,0,1,1,0,0,0,1,1,5,15,1,1,4,2,3,3
0,40,5,1,0,1,0,-1,0,1,10,0,0,1,1,0,0,0,1,0,0,0,0,1,1,0,1,0,0,1,1,0,12,1,2,4,2,5,5
0,30,5,0,0,1,0,1,1,1,,0,10,1,1,1,0,1,1,1,1,0,1,1,1,0,1,0,0,0,1,10,12,2,1,2,2,10,33
0,46,5,0,0,1,0,,1,1,0,3,4,1,1,1,1,1,1,0,0,1,0,1,1,0,0,0,0,1,1,10,12,1,1,3,2,9,24
1,47,5,0,0,0,0,-1,1,1,10,2,0,1,0,0,0,0,0,0,0,0,0,0,0,0,1,0,,0,1,1,12,1,1,3,2,1,11
0,30,1,0,0,0,0,0,0,0,5,0,0,1,1,1,1,0,0,0,0,0,0,0,0,0,0,0,0,0,1,6,12,1,1,2,3,4,4
0,17,5,1,0,4,0,-2,1,1,50,0,0,1,1,1,1,1,1,1,1,1,1,1,1,0,0,1,0,1,1,10,12,1,1,4,2,12,25
0,40,5,1,0,0,0,0,0,1,0,0,0,1,0,0,0,0,1,0,0,0,1,0,1,0,0,0,0,0,1,0,12,1,1,4,2,4,4
0,3,3,1,0,2,0,1,1,1,5,0,1,1,0,1,0,0,1,1,0,1,0,0,1,0,0,0,0,0,1,1,11,2,2,3,1,6,15
0,10,4,1,0,0,0,0,0,0,20,0,0,0,0,0,0,0,1,0,0,0,0,0,1,0,0,0,0,0,0,8,18,2,1,2,2,2,2
1,21,5,1,0,0,0,-2,0,1,1,0,0,0,0,1,0,0,0,0,0,1,0,0,0,0,0,1,0,0,0,40,12,1,1,4,2,2,2
0,30,1,1,0,0,0,-2,0,0,0,1,0,0,0,1,0,0,0,0,0,0,0,0,0,0,0,0,0,0,1,0,12,1,1,1,3,1,2
1,35,5,1,0,1,0,-1,0,1,5,0,0,1,0,0,0,0,1,0,0,0,0,0,1,1,0,1,0,0,1,1,12,1,1,3,2,3,3
0,44,5,0,0,0,0,1,1,1,2,0,0,1,0,0,0,0,1,0,0,0,0,0,1,0,0,0,0,0,1,10,12,2,2,4,2,3,5
0,5,1,1,0,4,0,1,0,1,1,0,0,1,1,1,1,0,0,0,0,0,0,0,0,0,1,1,0,0,1,8,13,1,1,4,2,4,4
0,45,5,0,0,0,0,0,0,1,2,0,0,1,0,0,0,1,1,0,0,0,0,1,1,0,0,0,0,1,1,5,12,1,1,3,2,5,5
0,30,4,1,0,0,0,-1,0,1,0,0,0,1,0,0,0,0,1,0,0,0,0,0,1,0,0,0,0,1,1,5,12,1,1,4,2,3,3
1,13,4,1,0,0,0,-2,1,1,5,0,10,1,1,1,1,1,1,0,0,0,0,0,0,0,1,1,0,1,0,250,23,2,2,3,2,6,24
0,9,3,0,0,0,0,0,1,1,0,0,10,1,1,1,0,0,1,1,0,0,0,0,1,0,0,0,0,0,1,2,12,4,3,2,2,6,24
0,47,5,-1,0,6,1,1,1,1,15,6,0,1,1,0,0,0,1,0,0,0,1,1,1,0,0,0,0,1,1,10,12,1,1,2,2,6,20
1,4,4,1,0,2,0,0,0,1,30,0,0,1,0,0,0,0,0,0,0,0,0,0,0,0,0,1,0,0,1,1,11,1,1,4,1,1,1
1,31,5,-1,0,0,0,,0,1,1,0,0,1,0,0,0,1,1,0,0,0,1,0,0,0,0,0,0,0,1,4,12,2,2,3,2,4,4
0,30,5,0,0,0,0,0,0,1,6,0,0,1,1,1,0,0,0,0,1,0,0,0,0,0,0,0,0,0,1,0,13,1,1,4,2,4,4
0,30,5,0,0,0,0,-1,1,1,1,0,0,1,1,1,1,1,1,0,0,0,0,0,0,1,0,1,0,1,0,225,35,2,2,3,2,6,26
1,50,5,0,0,1,1,2,1,1,30,0,5,1,1,1,0,1,1,1,1,0,1,1,1,0,1,0,0,0,1,0,12,1,2,2,2,10,35
0,39,5,1,0,0,0,-1,0,1,4,0,0,1,1,1,0,0,1,0,0,0,0,1,1,0,0,0,0,1,1,6,12,1,2,3,2,6,6
0,50,5,1,0,0,0,-1,1,1,10,0,8,1,1,1,0,0,1,0,0,1,1,0,0,0,0,0,0,0,0,,12,1,1,3,3,6,22
0,62,5,0,0,2,0,1,1,1,2,0,20,1,1,0,0,0,0,0,0,0,0,0,1,0,0,1,0,0,0,100,18,3,1,2,3,3,43
0,30,5,1,0,3,0,0,1,1,15,0,2,1,1,0,0,0,1,0,0,0,0,0,1,0,0,0,0,1,1,12,12,1,1,4,2,4,26
0,43,5,0,0,2,0,0,0,1,14,0,0,1,0,0,0,0,1,1,0,0,0,1,1,0,0,0,0,0,0,8,12,1,1,3,2,5,5
0,6,5,1,0,1,0,1,0,1,2,0,0,1,0,0,0,0,1,0,0,0,0,0,1,1,1,0,0,0,0,30,14,3,3,4,2,3,3
1,31,5,1,0,0,0,-1,0,1,0,0,0,1,1,0,0,0,1,0,0,0,0,0,1,0,0,0,0,1,1,5,12,2,2,3,2,4,4
1,4,4,1,0,1,0,-1,0,1,0,0,0,1,0,0,0,0,0,0,0,0,0,0,0,0,0,0,0,0,0,81,10,2,2,2,1,1,1
1,4,4,0,0,0,0,-2,1,1,1,0,0,1,0,0,0,0,0,0,0,0,0,0,0,0,0,0,0,0,0,2,12,3,3,3,1,1,9
0,58,5,-1,0,0,0,-2,1,1,15,0,2,1,0,0,0,0,0,0,0,0,0,0,1,0,0,0,0,0,1,10,12,1,1,4,3,2,17
1,15,3,1,0,2,0,0,1,1,0,0,0,1,0,0,0,0,1,0,0,0,0,0,1,0,0,0,0,1,1,0,16,1,1,2,3,3,16
0,62,5,1,0,0,0,0,0,1,10,0,0,1,1,1,1,1,1,1,1,1,1,1,1,0,0,0,0,0,1,0,13,1,1,2,3,12,12
1,11,5,1,0,0,0,-2,1,1,10,0,10,1,1,1,1,1,1,1,1,1,1,1,1,0,0,0,0,0,1,20,11,1,1,4,2,12,35
0,47,4,1,0,0,0,1,0,1,0,0,0,1,1,0,0,0,1,0,0,0,0,0,1,0,0,0,0,0,1,1,16,1,1,2,2,4,4
0,18,5,0,0,3,0,1,1,1,5,0,0,1,0,0,0,0,1,0,0,0,0,0,0,0,1,0,1,0,0,60,12,3,2,4,2,2,6
1,9,5,0,0,0,0,-1,1,0,2,0,0,0,0,0,0,0,1,0,0,0,0,0,0,0,0,0,0,1,0,160,9,1,1,4,1,1,9
0,20,4,1,0,0,0,-2,0,0,3,1,0,0,0,0,0,0,1,0,0,0,0,0,1,0,0,0,0,0,0,115,34,2,2,3,2,2,3
0,50,5,1,0,0,0,2,0,1,14,0,0,1,0,0,0,1,1,0,0,1,0,0,1,0,0,0,0,0,1,1,12,1,1,3,2,5,5
0,40,5,0,0,0,0,0,0,1,5,0,0,1,1,1,0,0,1,0,0,0,1,0,1,,,1,,,,20,16,1,1,3,3,6,6
1,64,5,1,0,0,0,1,1,1,0,2,0,1,1,0,0,0,0,0,0,0,0,0,0,0,0,1,0,0,1,0,12,1,1,2,3,2,12
0,47,5,1,0,1,0,1,0,1,0,0,0,1,0,0,0,0,1,0,0,0,0,1,1,0,0,1,0,0,1,0,12,1,3,2,2,4,4
1,25,5,1,0,1,0,-2,1,1,10,5,20,1,1,1,1,1,1,1,1,1,1,1,1,0,0,0,1,1,1,6,12,2,2,3,2,12,57
1,21,5,0,0,0,0,-1,1,1,6,0,0,1,1,0,0,1,1,0,0,0,1,1,1,0,0,1,1,0,1,10,12,2,1,4,2,7,20
1,46,5,0,0,0,0,0,1,1,10,0,0,1,1,1,1,1,0,0,0,0,0,0,0,1,1,0,0,0,0,150,14,1,1,4,2,5,18
0,7,5,1,0,0,0,1,1,0,0,0,0,0,0,0,0,0,1,0,0,0,0,0,0,0,0,1,0,0,1,1,12,1,1,4,2,1,5
0,49,5,0,0,0,0,0,0,1,2,0,0,1,1,1,0,0,1,0,0,1,0,0,0,0,0,0,0,1,1,15,12,4,4,3,2,5,5
1,62,5,0,0,0,0,-1,0,,5,0,0,1,1,0,0,1,1,1,0,0,0,0,1,1,0,0,0,1,1,7,13,1,3,3,3,6,6
1,41,5,0,0,0,0,-2,1,1,4,0,0,1,1,0,0,0,1,0,0,0,0,0,1,0,0,0,0,1,1,10,12,2,2,4,2,4,12
0,25,3,1,0,0,0,1,0,1,2,0,0,1,1,1,0,0,0,0,0,0,0,0,0,0,0,0,0,0,0,385,16,1,1,4,2,3,3
1,24,5,1,0,1,0,-2,1,1,3,0,10,1,0,0,0,1,1,1,1,0,0,0,0,0,0,0,0,1,1,8,12,1,2,3,2,5,23
0,28,5,1,1,0,0,0,0,1,16,0,3,0,1,1,0,1,1,0,0,0,0,1,1,0,0,0,0,0,0,37,12,2,2,3,2,6,9
1,15,2,1,0,0,0,0,0,1,0,0,0,1,1,1,0,0,0,0,0,0,0,0,0,0,1,0,0,0,0,"1,600",16,4,1,3,2,3,3
0,17,5,1,0,0,,-2,0,0,0,0,0,0,0,1,0,0,0,0,0,1,0,0,0,0,0,0,0,0,1,2,12,1,1,3,2,2,2
0,49,5,0,1,0,1,2,1,1,10,0,5,1,1,1,1,1,1,1,1,1,1,1,1,0,1,0,0,0,1,5,12,1,1,3,2,12,25
1,4,4,0,0,0,0,-2,1,1,1,0,0,1,1,0,0,0,0,1,1,1,1,1,1,0,0,0,0,1,1,8,12,1,1,4,1,8,16
1,51,5,1,0,4,0,-1,1,0,10,0,0,0,0,0,0,0,0,1,1,0,0,0,0,0,0,1,0,0,0,20,12,2,2,4,2,2,10
1,30,5,1,0,0,0,-2,1,1,2,0,1,1,0,0,0,0,0,0,0,0,0,0,0,0,0,1,0,1,1,3,12,1,1,3,2,1,6
0,47,5,-1,1,5,1,2,1,1,20,0,8,1,1,1,1,1,1,1,1,1,1,1,1,0,1,0,1,0,1,10,12,1,1,3,2,12,40
0,,3,1,0,0,0,1,0,0,2,0,4,1,1,1,1,1,1,1,1,1,1,1,1,0,0,0,0,0,0,12,12,2,1,3,2,12,16
0,14,2,1,0,0,0,2,0,1,3,0,0,1,1,1,1,1,1,1,1,0,0,0,1,0,0,0,0,0,1,3,12,2,1,4,2,9,9
1,54,5,1,0,0,0,-1,0,1,5,2,1,1,0,0,1,0,1,0,0,0,1,0,1,0,0,0,0,1,0,25,16,2,2,3,2,5,8
0,7,5,1,0,1,0,1,1,1,15,0,12,1,1,1,0,0,0,0,0,0,0,1,1,0,1,0,1,1,1,4,11,1,1,4,2,5,30
0,52,5,-1,0,0,1,-2,1,1,14,3,5,1,1,1,1,1,1,1,1,1,1,1,1,0,1,0,0,0,1,50,12,1,1,2,2,12,40
1,42,5,0,0,8,0,-1,0,1,20,3,7,1,1,1,0,0,1,0,0,0,0,1,1,1,1,1,0,0,0,55,12,2,1,3,2,6,16
1,50,5,1,0,0,0,1,1,1,0,0,0,1,1,0,0,0,0,0,0,0,0,0,0,0,0,1,0,0,1,6,16,1,2,2,3,2,4
0,32,5,0,0,2,0,0,1,0,30,0,5,0,0,0,0,0,0,0,0,0,1,1,1,1,1,1,0,1,0,145,12,3,3,4,2,3,28
1,4,4,1,0,0,0,-2,0,1,2,0,0,1,0,1,0,0,1,0,1,0,0,0,1,0,0,1,0,0,1,0,8,1,1,3,1,5,5
0,48,5,1,0,1,0,1,0,1,2,0,0,1,1,1,0,0,1,0,0,0,0,0,1,0,0,1,0,0,0,15,12,2,2,4,2,5,5
0,30,5,1,0,0,0,1,0,1,1,0,0,1,0,0,0,0,0,0,0,0,0,0,1,1,0,1,0,0,0,127,13,3,3,1,2,2,2
1,20,5,0,0,3,0,-1,1,1,0,0,0,1,1,1,1,1,1,1,1,1,1,1,1,0,0,1,0,0,0,65,12,2,1,4,2,12,20
1,30,5,1,0,0,1,-2,1,1,0,5,0,1,1,0,0,0,0,0,0,0,0,0,1,0,1,1,0,1,0,30,12,1,1,4,2,3,28
0,53,5,0,0,0,0,-2,1,1,4,0,7,1,1,0,0,0,0,0,0,0,0,0,1,1,1,0,1,0,0,75,12,1,1,4,2,3,18
1,48,5,0,0,1,0,1,1,1,5,1,7,1,1,0,0,0,1,0,0,0,0,0,1,1,1,0,0,0,0,150,12,1,2,3,2,4,20
0,20,3,1,0,0,0,0,0,1,2,0,0,1,1,0,0,1,1,0,0,0,0,0,1,0,0,1,0,0,1,4,12,1,1,4,2,5,5
0,16,5,-1,0,0,0,-2,0,1,1,0,0,1,1,0,0,0,1,0,0,0,0,0,0,0,0,0,0,1,1,10,14,1,1,4,2,3,3
1,4,4,1,0,1,0,,0,1,1,0,0,1,0,0,0,0,1,1,0,0,0,0,0,0,0,1,0,0,1,15,11,2,2,4,1,3,3
0,53,5,0,0,0,0,0,1,1,2,0,0,1,1,1,0,1,1,0,0,0,0,1,1,1,0,0,0,0,0,60,15,2,2,3,3,7,20
1,44,5,1,0,6,0,2,1,1,10,0,10,1,0,0,0,0,0,0,0,0,0,0,0,0,1,1,0,0,1,8,12,2,1,3,2,1,19
1,30,5,0,0,0,0,1,0,1,1,0,0,1,1,1,1,1,1,0,0,1,1,0,0,0,0,0,,1,1,5,12,1,1,4,2,8,8
1,33,5,0,0,0,0,1,1,1,0,0,0,1,1,0,0,0,1,0,0,0,0,0,1,0,0,0,1,0,0,200,12,3,2,3,2,4,17
0,25,5,-1,0,0,0,0,0,0,2,0,0,1,1,1,0,0,0,0,0,0,0,0,0,0,1,0,0,0,0,600,12,4,1,4,2,3,3
0,60,5,-1,0,2,0,0,0,1,0,0,2,1,1,0,0,1,0,1,1,0,0,0,1,0,0,0,0,0,0,25,10,1,1,1,3,6,8
0,40,5,1,0,0,0,0,0,1,10,0,0,1,0,0,0,0,1,0,0,0,0,0,1,0,1,0,1,0,1,5,12,1,1,4,2,3,3
0,2,2,1,0,0,0,1,0,0,1,0,0,0,0,0,1,1,1,0,0,0,1,1,1,1,0,0,0,0,0,"1,100",14,1,1,3,2,6,6
1,40,5,0,0,0,0,1,1,1,4,0,2,1,1,0,0,0,1,0,0,0,0,0,1,0,1,0,0,0,1,1,12,1,1,3,2,4,10
0,40,5,1,0,0,0,0,0,1,10,0,0,1,1,1,0,0,1,0,0,0,1,1,1,1,0,0,0,0,0,42,12,1,1,3,2,7,7
1,47,5,1,0,0,0,1,1,1,3,0,0,1,1,0,0,0,0,0,0,0,0,0,0,1,0,1,0,0,0,100,12,1,2,4,2,2,6
0,35,5,1,0,0,0,0,0,1,5,0,0,1,1,1,0,0,1,0,0,0,1,1,1,0,1,0,0,1,0,25,12,2,1,4,2,7,7
0,62,5,-1,0,0,0,0,0,1,20,8,10,1,1,1,1,1,1,1,1,1,1,1,1,0,1,0,0,0,1,20,12,1,1,3,3,12,30
0,25,5,1,1,2,0,1,0,1,2,0,0,1,1,1,1,0,1,0,0,0,0,0,0,1,0,1,0,0,0,15,16,1,1,3,2,5,5
0,5,3,1,0,0,0,-1,0,0,1,0,0,0,0,0,0,0,1,0,0,0,0,0,1,1,0,0,0,0,1,2,12,1,1,4,3,2,2
1,18,5,-1,0,2,0,1,0,1,1,0,0,1,1,1,1,1,1,1,1,0,1,1,1,0,0,0,0,0,1,3,15,1,1,3,2,11,11
0,39,5,1,0,0,0,-2,0,1,0,0,0,1,1,1,0,0,1,0,0,0,0,0,1,0,0,1,0,0,1,1,12,1,1,3,2,5,5
0,34,5,-1,0,0,0,-1,1,1,2,0,2,0,1,0,0,0,0,1,0,0,0,0,1,1,0,1,0,1,0,148,16,3,1,4,2,3,7
1,30,5,1,0,1,0,-1,0,1,5,0,0,1,1,1,1,1,1,0,0,0,0,0,1,0,1,0,0,1,1,0,12,1,1,3,2,7,7
1,40,5,0,0,0,0,-1,0,1,1,2,1,1,1,1,0,0,0,0,0,0,0,0,1,1,0,1,0,1,0,150,12,3,2,4,2,4,7
1,33,5,0,0,5,0,1,1,1,10,0,3,1,0,0,0,0,0,0,0,0,0,0,1,0,1,1,0,0,0,130,12,3,1,4,2,2,13
1,74,5,1,0,0,0,2,0,1,0,0,0,1,0,1,0,1,0,1,0,1,1,1,0,0,0,0,0,0,1,1,12,1,1,1,3,7,7
1,46,5,1,0,0,0,0,1,1,0,6,0,1,1,0,0,1,1,1,0,0,1,1,1,0,0,1,0,0,0,12,17,1,1,3,2,8,27
0,44,5,-1,0,0,0,-1,1,1,4,0,2,1,1,0,0,0,1,1,0,0,0,0,1,0,0,0,0,0,0,22,12,1,2,3,2,5,20
0,1,1,1,0,0,0,0,0,,0,1,0,1,0,0,0,0,0,0,0,0,0,0,0,0,0,0,0,0,1,0,16,1,1,4,1,1,2
0,30,5,-1,0,0,0,1,0,1,1,0,0,1,0,0,0,0,0,0,0,0,0,0,0,1,0,0,0,0,0,450,12,3,1,3,2,1,1
0,53,5,1,0,0,0,-1,0,1,0,0,0,1,0,0,0,0,0,0,0,0,0,0,0,0,0,1,0,0,0,40,21,1,1,3,3,1,1
1,18,5,0,0,3,0,-2,1,1,10,0,0,1,1,1,1,1,1,1,0,1,0,1,1,1,1,1,1,1,1,20,10,1,1,4,2,10,14
1,60,5,1,0,0,0,2,0,1,2,0,0,1,0,0,0,0,0,0,0,0,0,0,0,0,0,0,0,0,0,1,12,1,1,4,3,1,1
0,30,5,0,0,0,0,-1,0,1,2,0,0,1,1,0,0,0,1,1,0,0,0,0,1,0,0,1,0,1,0,30,12,1,1,4,2,5,5
0,10,1,1,0,0,0,-2,0,1,2,0,0,1,1,0,0,0,0,0,0,0,0,0,0,0,0,0,0,1,0,110,12,3,2,3,2,2,2
0,57,5,0,0,0,0,0,0,1,6,0,0,1,1,0,0,1,1,1,0,0,0,0,1,0,0,0,0,0,1,4,12,2,2,1,3,6,6
0,30,5,0,0,0,0,-1,1,1,10,0,2,1,1,1,1,1,1,0,0,0,0,1,1,1,0,0,0,1,0,180,12,4,4,3,2,8,30
1,48,5,1,0,4,0,-1,1,1,2,0,0,1,1,1,1,1,1,0,0,0,1,1,1,0,1,1,0,1,0,150,12,1,1,3,2,9,13
0,40,3,1,0,0,0,0,0,1,1,2,0,1,1,0,0,1,1,0,0,0,0,1,1,1,0,1,0,0,0,60,18,2,1,1,3,6,8
0,35,5,1,0,0,0,1,0,1,1,0,0,1,1,1,1,1,0,0,0,0,0,0,0,1,0,0,0,0,0,133,25,2,1,4,3,5,5
0,8,4,1,0,2,0,-1,1,1,10,0,5,1,0,0,0,1,1,0,0,0,0,1,1,0,0,0,0,0,1,10,12,2,2,3,2,5,23
0,48,5,-1,0,0,0,2,0,1,3,0,0,1,1,1,1,1,1,0,0,0,0,0,0,0,0,0,0,0,0,200,16,3,3,3,2,6,6
1,5,5,1,0,4,0,-1,0,1,8,2,3,1,0,0,0,0,1,0,0,0,0,0,0,0,0,1,0,0,0,150,10,3,3,4,1,2,7
1,40,5,0,1,0,0,-2,0,0,2,0,0,0,0,0,0,0,1,1,1,1,1,1,1,1,0,1,0,1,0,110,12,2,2,3,2,7,7
0,36,5,1,0,0,0,1,0,1,0,0,0,1,0,0,0,0,0,0,0,0,0,0,0,0,0,1,0,0,1,0,12,1,2,4,2,1,1
1,4,5,1,0,5,0,2,0,1,5,0,0,1,1,0,0,0,1,0,0,0,0,0,0,1,0,1,0,0,1,2,12,1,1,4,1,3,3
1,10,5,,0,0,0,-2,0,1,0,0,0,1,1,1,0,0,1,0,0,0,0,0,1,0,0,1,0,0,1,0,12,1,1,4,2,5,5
0,29,5,0,0,0,0,2,0,1,0,0,0,1,1,1,0,0,1,0,0,0,0,0,1,0,0,0,0,1,1,8,8,1,1,4,2,5,5
1,31,5,0,0,2,0,2,1,1,,0,0,1,0,0,0,0,1,0,0,0,0,0,1,0,0,0,0,0,0,30,12,1,1,3,2,3,7
0,34,5,1,0,0,0,0,0,0,1,0,0,0,0,0,1,1,1,0,0,0,1,1,1,1,0,0,0,1,1,20,13,1,1,3,2,6,6
0,60,5,1,0,0,0,1,0,1,0,0,0,1,0,0,0,0,1,1,0,0,0,1,1,0,0,1,0,0,1,1,17,1,1,1,3,5,5
0,10,5,1,0,3,0,2,1,1,7,0,3,1,1,0,0,0,1,0,0,0,0,0,1,0,0,1,0,0,1,30,12,1,1,4,2,4,20
0,2,2,0,0,0,0,-1,1,1,14,0,0,1,1,1,1,1,1,1,1,1,1,1,1,0,0,0,0,0,0,10,40,1,1,3,2,12,20
0,67,5,1,0,1,0,2,0,1,3,0,0,1,1,1,1,1,1,0,0,0,0,0,1,0,0,0,0,0,1,7,14,2,1,3,3,7,7
1,48,5,0,0,0,0,2,1,1,2,1,2,1,1,0,0,0,1,0,0,0,0,0,1,0,1,0,0,0,0,140,14,1,1,3,2,4,11
0,14,5,1,0,0,0,-1,0,1,0,0,0,1,1,0,0,0,1,0,0,0,0,0,1,0,0,0,0,0,0,4,12,2,1,3,2,4,4
1,54,5,-1,0,0,1,0,1,1,6,0,0,1,1,1,1,1,1,1,1,1,1,1,1,0,0,0,0,0,1,20,12,1,1,2,3,12,20
0,55,5,-1,0,0,0,,0,1,21,0,0,1,1,1,1,1,1,1,0,1,0,1,1,0,0,0,1,0,1,20,19,2,2,3,3,10,10
0,43,5,1,0,0,0,0,0,1,10,0,0,1,1,1,1,1,1,1,1,1,1,1,1,0,0,1,1,1,1,10,12,1,1,4,2,12,12
1,10,5,-1,0,0,0,0,1,1,,0,0,1,0,0,0,0,1,0,0,0,0,0,1,0,0,0,0,0,1,1,13,1,1,4,2,3,11
0,28,5,0,0,3,0,-1,1,1,8,0,0,1,1,1,0,0,1,0,0,0,0,1,1,0,0,0,0,0,1,5,12,1,1,4,2,6,19
1,5,5,1,0,1,0,0,1,1,2,0,0,1,1,0,0,1,1,0,0,1,0,0,1,0,1,1,0,1,1,30,12,1,1,4,1,6,10
0,11,5,0,0,0,0,-2,0,1,0,0,0,1,1,1,1,1,1,0,0,0,0,0,1,0,1,0,0,1,1,1,12,1,1,4,2,7,7
1,8,5,1,1,1,0,1,1,1,3,0,3,1,0,0,0,1,1,0,0,0,0,1,1,1,1,0,1,1,1,10,10,1,1,4,1,5,16
0,65,5,1,0,3,0,0,0,1,40,0,0,1,1,1,1,1,1,1,1,1,1,1,1,1,0,0,0,0,1,190,14,4,4,3,3,12,12
0,54,5,0,0,0,0,-2,1,1,5,4,3,1,0,1,0,1,1,1,1,0,0,0,1,0,0,0,0,0,0,20,12,2,1,3,3,7,18
1,40,5,0,0,0,0,0,0,1,0,2,0,1,0,0,0,0,1,0,0,0,0,1,1,0,0,0,0,0,0,1,12,1,1,2,2,4,6
1,25,5,1,0,0,0,0,0,1,21,0,0,1,0,1,1,0,1,1,1,1,1,1,1,0,0,1,0,0,1,10,12,1,4,2,2,10,10
0,28,5,0,0,7,1,2,1,1,15,0,0,1,1,0,0,1,1,0,0,0,1,1,1,1,0,1,0,0,0,130,12,2,1,4,2,7,15
1,24,5,1,0,1,0,-1,1,1,2,0,3,1,1,0,0,0,0,0,0,0,0,0,0,1,0,1,0,1,0,70,12,1,1,3,2,2,9
1,20,3,1,0,0,0,2,0,1,4,0,0,1,0,0,0,0,0,0,0,0,0,0,0,1,0,1,0,0,0,100,20,1,1,3,3,1,1
0,14,5,1,1,2,0,1,1,1,5,0,2,1,0,0,0,0,1,0,0,0,0,1,1,0,1,1,1,0,1,9,12,1,1,4,2,4,10
0,5,5,0,0,0,,-1,0,1,0,0,0,1,1,1,1,1,1,1,1,1,1,1,1,0,1,0,0,1,1,1,12,1,1,3,1,12,12
0,10,3,1,0,0,0,1,1,1,0,0,0,1,1,1,1,1,1,0,0,0,0,1,1,0,0,0,0,0,1,4,17,1,1,2,2,8,28
0,8,5,1,0,0,0,-1,0,1,1,0,0,1,1,0,1,0,1,0,1,0,0,0,1,0,0,0,0,0,0,5,29,1,,3,2,6,6
0,60,5,1,0,0,0,0,0,1,0,0,10,1,1,1,1,1,1,1,1,1,1,1,0,,1,,,1,,0,12,1,1,3,3,11,21
1,30,5,-1,0,0,0,1,1,1,1,0,0,1,1,0,0,0,1,0,0,0,0,0,0,1,1,0,0,0,0,160,14,1,1,3,2,3,5
1,1,1,1,0,0,0,-1,0,1,5,0,0,1,1,1,0,0,0,0,0,0,0,0,1,,,1,,,,80,47,2,2,4,2,4,4
0,33,5,1,1,0,0,1,0,1,0,0,0,1,1,0,0,0,1,0,0,0,0,1,1,0,0,0,0,0,1,5,12,1,1,2,2,5,5
1,45,5,1,0,0,0,-1,0,1,0,0,2,1,1,1,1,1,1,0,0,0,0,0,1,0,1,0,0,1,1,0,14,1,1,3,2,7,9
0,3,3,1,0,0,0,1,1,1,0,0,0,1,1,0,0,0,0,0,0,0,0,0,1,1,1,0,0,0,0,120,12,3,3,4,1,3,7
0,10,5,1,0,0,0,,0,1,0,3,0,1,1,0,0,0,1,0,1,0,0,0,1,0,0,1,1,0,1,3,47,1,1,2,2,5,8
0,62,5,0,0,0,0,2,0,1,0,0,0,0,0,0,0,0,1,0,0,0,0,0,0,,,,,,,,,,,,3,1,1
1,21,5,-1,0,0,0,-2,0,1,0,0,0,1,1,1,1,1,1,1,1,1,1,1,1,0,0,0,0,0,1,5,12,1,4,4,2,12,12
1,2,2,1,0,0,0,-1,0,1,0,10,0,1,0,0,0,0,0,1,0,0,0,0,0,0,1,1,1,0,0,75,26,3,1,4,2,2,12
0,41,5,0,1,0,0,0,0,1,3,0,0,1,1,0,0,1,1,0,0,0,1,1,1,0,0,0,1,0,1,10,12,1,1,3,2,7,7
0,42,5,0,0,4,0,0,1,1,7,7,12,1,1,1,1,1,1,1,1,1,1,1,1,0,1,1,1,1,1,5,12,1,1,4,2,12,44
0,50,5,1,0,0,0,-1,0,1,2,0,3,1,0,0,0,0,1,0,0,0,0,0,1,0,0,1,0,0,0,60,20,3,3,2,3,3,6
1,53,5,1,0,0,0,-1,1,1,1,0,4,1,0,0,0,0,0,0,0,0,0,0,0,0,1,0,0,0,1,7,12,1,1,3,3,1,25
1,47,5,1,0,0,0,2,0,1,2,0,0,1,1,1,1,1,1,1,1,1,1,1,1,0,0,1,0,0,1,1,12,1,4,3,3,12,12
0,1,1,0,0,1,0,0,1,1,2,0,0,1,0,0,0,0,0,0,0,0,0,0,0,1,0,0,0,0,0,128,13,1,1,3,1,1,9
0,30,5,-1,0,0,0,-2,0,1,20,4,5,1,1,0,0,0,1,0,0,0,0,0,1,0,0,0,0,0,0,100,20,,,,2,4,13
0,39,5,1,0,0,0,1,0,1,3,0,3,1,1,1,1,1,1,0,0,1,0,1,1,0,0,0,0,1,1,20,12,1,1,4,2,9,12
1,5,5,1,0,3,0,-1,1,1,7,0,0,1,0,0,0,0,0,0,0,0,0,0,0,0,1,1,1,0,0,135,12,3,3,4,2,1,5
0,41,5,-1,0,0,0,0,0,1,20,0,0,1,1,1,1,1,1,0,0,0,0,0,1,0,0,0,0,0,0,10,12,1,1,3,2,7,7
1,60,5,1,1,1,0,0,1,1,4,0,0,1,1,1,1,1,1,0,0,0,0,0,1,1,0,1,0,1,0,50,12,2,1,3,3,7,11
0,28,3,0,0,0,0,0,0,1,1,0,0,1,0,0,0,0,0,0,0,0,0,0,1,0,0,0,0,0,1,20,12,1,1,4,2,2,2
1,18,5,1,0,0,0,-1,1,1,0,0,5,1,0,0,0,0,0,0,0,0,0,0,0,1,1,0,0,0,0,50,12,1,1,4,2,1,10
1,34,5,0,1,2,0,-1,1,0,10,0,0,0,0,0,0,0,1,0,0,0,0,1,1,1,1,1,0,0,0,96,12,3,1,4,2,3,16
1,10,5,1,0,2,0,0,1,1,4,0,0,1,1,1,1,1,1,1,0,0,0,0,1,0,0,0,0,0,1,6,7,1,1,4,1,8,28
1,50,5,1,1,0,0,1,0,1,8,0,0,1,1,1,1,1,1,1,1,1,1,1,1,1,0,1,0,0,1,8,12,1,3,2,2,12,12
0,25,5,1,0,0,0,0,0,1,10,0,0,1,0,1,0,1,1,0,0,0,0,1,1,0,1,0,0,0,1,0,13,1,1,4,2,6,6
0,39,5,0,0,1,0,0,1,1,1,0,0,1,0,0,0,0,0,1,0,0,0,0,0,0,0,0,0,0,0,120,10,3,3,3,2,2,10
0,35,5,-1,0,0,0,-2,1,1,,0,5,1,1,0,1,1,0,0,0,0,0,0,0,1,1,1,1,0,0,300,12,2,1,4,2,4,17
1,10,5,1,0,6,1,0,1,1,10,0,3,1,0,0,0,0,1,0,0,0,0,1,1,0,1,1,1,0,1,0,12,1,1,4,2,4,15
1,47,5,1,0,0,0,-1,0,1,0,0,0,1,1,1,1,1,1,1,1,1,1,1,1,0,0,0,0,0,1,1,16,1,4,2,2,12,12
0,16,5,0,0,1,0,1,0,1,2,0,0,1,1,1,0,0,1,0,1,0,0,0,1,0,1,0,0,0,1,0,15,1,1,4,2,6,6
0,35,5,0,0,1,1,2,1,1,2,0,0,1,1,0,0,0,1,0,0,0,0,0,1,0,0,0,0,0,1,20,15,2,2,4,2,4,17
1,6,5,1,0,1,1,1,1,1,0,0,5,1,0,0,0,0,0,0,0,0,0,0,0,0,0,1,1,1,1,0,10,1,1,4,1,1,19
0,35,5,-1,0,0,0,0,1,1,2,2,0,1,1,0,0,0,1,0,0,0,0,0,1,0,0,0,0,0,1,10,25,1,1,4,2,4,10
0,40,5,0,0,0,0,2,1,1,5,0,0,1,0,0,0,0,1,0,0,0,0,0,1,0,1,1,0,0,0,25,12,3,1,4,2,3,11
0,41,5,-1,0,0,0,0,1,1,2,0,0,1,1,0,0,0,1,0,0,0,0,0,1,0,1,0,0,0,0,158,12,1,2,3,2,4,12
0,42,5,0,0,1,0,1,1,1,20,5,5,1,1,1,1,1,1,1,1,1,1,1,1,0,0,1,1,0,1,0,10,1,1,3,2,12,42
1,32,5,1,0,0,0,-2,0,0,0,0,0,0,0,0,0,0,1,0,0,0,0,0,0,0,0,1,0,0,0,30,13,2,1,3,2,1,1
1,51,5,1,0,4,0,2,0,1,20,2,2,1,0,1,0,0,1,0,0,0,1,1,1,1,0,1,0,0,0,80,16,1,4,3,2,6,10
0,27,5,1,0,0,0,-2,0,1,2,0,0,1,1,0,0,0,0,0,0,0,0,0,1,1,1,0,1,0,0,50,12,2,2,4,2,3,3
0,40,5,0,0,1,0,0,1,1,5,1,0,1,0,0,0,1,1,0,0,0,0,1,1,0,0,0,0,0,1,20,12,3,1,3,2,5,19
0,40,5,0,0,2,0,0,0,1,0,0,0,1,0,0,1,1,1,0,0,1,1,0,1,0,0,0,0,0,1,2,14,1,3,3,2,7,7
0,4,4,1,1,0,0,1,0,1,2,1,2,1,0,0,0,0,1,0,0,0,0,0,1,1,0,0,0,0,0,37,13,3,3,4,1,3,6
0,15,5,-1,0,0,0,1,0,1,0,0,0,1,0,0,0,1,1,0,0,1,0,0,1,0,0,0,0,0,0,30,12,3,1,4,2,5,5
0,48,5,-1,0,0,0,-1,1,1,6,0,0,1,1,0,0,0,1,0,0,0,0,0,1,0,1,0,0,0,0,60,12,2,1,4,2,4,8
0,43,5,-1,0,2,0,2,1,1,3,0,0,1,1,0,0,0,0,0,0,0,0,0,0,1,0,0,0,0,0,80,17,2,1,3,2,2,4
0,50,5,1,0,2,0,-1,0,1,2,0,0,1,1,0,0,0,1,0,0,0,0,0,0,0,1,0,0,0,1,7,13,2,2,3,2,3,3
0,45,5,1,0,0,0,-2,0,1,4,0,0,1,0,0,0,0,1,0,0,0,0,0,1,0,1,1,0,1,1,10,12,1,1,3,2,3,3
0,8,5,1,0,0,0,-1,1,1,5,0,3,0,0,0,0,0,1,0,0,0,0,0,1,0,0,1,0,1,1,0,12,1,1,4,2,2,9
0,3,3,1,0,0,0,1,0,1,0,0,0,1,1,0,0,0,0,1,0,0,0,0,0,0,1,0,0,0,1,5,12,1,1,4,1,3,3
1,4,4,1,0,0,0,0,0,1,1,0,0,1,0,0,0,0,1,0,0,0,0,0,1,0,0,0,0,0,1,10,13,1,1,4,1,3,3
0,35,5,1,0,2,0,0,1,1,3,0,1,1,0,0,0,0,1,0,0,0,0,0,1,0,1,1,0,0,0,25,12,3,1,3,2,3,12
0,42,5,1,1,1,0,1,1,1,6,2,2,1,1,0,0,0,1,0,0,0,0,1,1,0,1,0,0,1,0,22,14,2,1,3,2,5,11
0,5,5,1,0,0,0,0,1,0,0,0,0,0,0,0,0,0,1,0,0,0,0,0,1,0,0,1,0,0,0,10,12,1,2,4,1,2,4
0,40,5,1,0,1,0,-2,1,1,0,0,0,1,1,1,1,1,1,1,1,1,1,1,1,0,0,1,0,0,1,1,17,1,1,4,2,12,25
0,35,5,1,0,0,0,0,0,1,30,0,0,1,1,1,0,0,1,0,0,1,0,0,1,1,1,0,0,0,0,30,12,3,2,3,2,6,6
1,41,5,1,0,1,0,-1,0,1,5,0,0,1,0,0,0,0,1,0,0,0,0,0,1,0,1,0,1,0,0,62,12,2,1,4,2,3,3
1,3,3,0,0,3,0,-1,1,1,3,0,3,1,0,0,1,1,1,1,0,0,0,1,1,0,0,0,1,0,1,6,12,1,1,4,1,7,14
0,4,4,1,0,0,0,1,0,0,0,0,0,0,0,0,0,1,1,0,0,0,0,0,0,0,0,1,0,0,0,15,13,1,1,4,2,2,2
0,5,5,0,0,0,0,-1,0,1,4,0,0,0,0,1,0,1,1,0,0,0,0,0,1,0,1,1,1,1,1,5,13,2,1,4,2,4,4
1,40,5,1,0,0,0,1,1,1,1,0,0,1,0,0,0,0,0,0,0,0,0,0,1,0,1,0,0,0,0,34,12,3,2,4,2,2,15
0,35,5,0,0,0,0,-1,0,1,3,0,0,1,0,0,0,0,1,0,0,0,1,1,1,1,0,0,0,0,0,40,16,3,2,3,2,5,5
0,20,4,-1,0,0,0,-1,0,0,4,0,0,0,0,0,0,0,1,1,1,1,0,0,0,0,1,0,0,0,0,55,15,3,3,4,2,4,4
0,23,5,-1,0,2,0,1,1,0,1,0,2,0,0,0,0,0,0,0,0,0,0,0,1,1,0,0,0,0,0,90,13,2,2,4,2,1,16
0,17,5,-1,0,0,0,-1,0,1,2,0,0,1,0,0,0,1,1,0,0,0,0,0,1,1,0,0,0,0,,50,12,2,2,4,2,4,4
1,35,5,0,0,1,0,-1,0,1,0,1,0,1,1,1,1,1,1,1,0,0,1,1,1,0,0,1,0,1,1,1,12,1,1,3,2,10,11
0,7,5,1,0,0,0,0,0,1,0,0,0,1,0,0,0,0,1,0,0,0,0,0,1,0,0,1,1,0,1,2,13,1,1,4,2,3,3
0,35,5,-1,0,0,0,0,0,1,2,0,0,1,1,1,1,1,1,1,1,1,0,0,0,1,1,1,0,0,0,80,12,1,1,4,2,9,9
0,37,5,1,1,1,0,2,1,1,15,2,3,1,0,0,0,0,1,0,0,0,0,0,1,0,0,0,1,1,1,2,12,1,1,3,2,3,12
0,48,5,1,0,0,0,1,0,0,6,0,0,0,1,1,1,1,1,1,0,0,0,0,0,1,0,1,0,0,0,120,17,2,1,2,2,6,6
0,26,5,0,0,0,0,0,0,1,15,0,0,1,1,1,0,1,1,1,0,0,1,1,1,1,0,1,0,0,1,12,12,2,2,4,2,9,9
0,40,5,0,0,0,0,0,0,1,1,0,0,1,1,1,0,0,1,0,0,0,0,0,1,1,0,1,0,0,0,100,12,1,1,4,2,5,5
1,15,5,1,0,0,0,1,0,1,1,0,0,1,1,1,1,1,1,0,0,0,0,0,1,0,0,1,0,0,1,2,14,1,2,4,2,7,7
1,28,5,1,0,2,0,-1,1,1,30,0,8,1,1,1,0,0,1,0,0,0,0,1,1,1,0,1,0,0,0,110,29,1,1,4,2,6,22
1,2,2,0,0,0,0,-1,0,1,0,0,0,1,0,0,0,0,1,1,0,0,0,0,1,0,0,1,0,1,1,15,13,1,1,4,1,4,4
0,30,5,1,0,1,0,-1,1,1,10,2,3,0,0,0,0,0,1,0,0,0,0,0,1,0,0,1,0,0,1,10,12,1,1,2,2,2,27
1,50,5,1,1,0,0,1,0,1,0,0,0,1,1,0,0,1,1,0,0,0,0,1,1,0,0,1,0,0,0,20,16,1,1,3,2,6,6
0,4,4,0,0,0,1,-1,0,1,1,0,0,1,1,1,0,1,1,1,1,1,0,0,1,0,0,1,0,0,1,4,12,1,1,3,1,9,9
1,50,5,1,0,0,0,2,1,1,3,0,0,1,1,1,0,0,0,0,0,0,0,0,0,1,1,0,0,0,0,63,12,1,1,3,2,3,16
0,14,4,0,0,0,0,1,0,1,0,0,0,1,0,0,0,0,1,0,0,0,0,0,0,0,0,0,0,0,0,50,12,4,1,3,2,2,2
0,41,5,1,0,4,0,-2,1,1,0,0,0,1,0,0,0,0,0,0,0,0,0,0,0,1,1,0,0,0,0,240,14,1,4,4,2,1,9
1,1,1,1,0,0,0,0,0,1,2,0,0,1,0,0,0,0,0,0,0,0,0,1,1,0,1,0,0,,1,1,10,2,2,4,1,3,3
1,46,5,0,0,,0,0,1,1,0,0,0,1,0,0,0,0,0,0,0,0,0,0,0,0,1,0,1,0,0,100,,1,1,2,3,1,5
1,2,2,1,0,5,0,-2,0,1,0,0,0,1,1,0,0,0,1,0,0,0,0,0,0,1,0,1,1,0,1,5,15,1,1,4,1,3,3
0,10,3,0,0,0,0,,0,0,0,0,0,0,0,0,0,0,0,0,0,0,1,1,1,0,0,1,0,0,0,100,14,3,3,2,2,3,3
1,44,5,-1,0,1,0,2,1,1,10,0,4,1,1,0,0,0,1,0,0,0,0,1,1,0,1,0,1,0,0,30,12,2,2,3,2,5,17
1,38,5,1,0,1,0,-2,1,0,2,0,0,0,0,0,0,0,1,1,1,0,1,0,1,0,0,1,0,0,0,2,13,2,2,2,2,5,25
0,30,5,1,0,1,0,-2,1,1,0,2,0,1,0,0,0,0,1,0,0,0,0,0,1,0,1,1,0,1,1,0,12,1,1,3,2,3,9
0,10,5,1,0,0,0,2,1,1,0,0,0,1,0,0,0,0,1,0,0,0,0,0,0,0,1,0,0,0,1,20,12,1,1,3,2,2,6
0,5,2,-1,0,0,0,-1,1,0,2,3,4,0,0,0,0,0,1,0,0,0,0,1,1,0,0,0,1,0,1,8,17,1,1,3,2,3,12
0,54,5,1,0,4,1,2,1,1,12,0,12,1,1,0,0,0,1,0,0,0,1,0,1,0,0,1,0,0,0,16,12,1,2,3,2,5,25
0,44,5,0,0,0,0,-2,0,1,0,0,0,1,1,1,0,1,1,0,0,0,1,1,1,0,0,0,0,0,0,50,16,2,1,4,2,8,8
1,58,5,1,1,0,0,-1,1,1,1,1,0,0,0,0,0,0,1,0,0,0,0,0,1,0,0,1,0,0,1,15,12,1,1,1,3,2,5
0,59,5,1,0,1,0,0,0,1,7,0,0,1,1,1,1,1,1,0,0,0,0,0,1,0,0,0,0,0,1,5,16,1,2,3,3,7,7
1,2,2,1,0,0,0,-1,0,1,8,0,0,0,0,0,0,0,1,0,0,0,0,0,0,0,0,0,0,0,1,4,17,1,1,2,2,1,1
0,44,5,1,0,0,0,1,0,1,0,0,0,1,0,0,0,0,1,0,0,0,1,0,1,0,0,0,0,0,0,62,17,1,4,2,2,4,4
1,32,5,1,0,0,0,2,1,1,364,0,0,1,1,1,1,1,1,1,1,1,1,1,1,0,0,1,0,0,1,1,19,1,1,2,2,12,25
0,11,4,1,0,0,0,2,0,1,0,0,0,1,1,0,0,0,1,0,0,0,0,0,1,0,0,0,0,0,1,9,12,2,2,3,2,4,4
0,54,5,0,0,0,0,-1,1,1,2,2,0,1,0,0,0,0,1,0,0,0,0,0,1,0,0,0,0,0,0,10,16,4,4,3,3,3,7
1,30,5,1,1,5,1,-2,1,0,12,0,2,0,0,1,1,1,1,1,1,1,1,1,1,0,1,0,1,0,0,7,12,1,1,4,2,10,14
0,40,5,1,0,0,0,2,0,1,15,0,0,1,1,1,0,0,1,0,0,0,0,0,1,1,0,1,0,0,0,75,18,2,1,3,2,5,5
0,20,5,0,0,0,0,-1,0,1,,0,0,1,1,0,0,0,1,0,0,0,0,0,1,1,0,1,0,0,1,,,,,,2,4,4
1,14,5,,0,4,1,0,1,0,,0,0,0,0,0,0,1,1,0,0,0,0,0,0,1,0,1,0,0,1,3,12,1,1,4,2,2,22
1,50,5,0,0,0,0,0,1,1,2,0,0,1,1,0,0,0,1,0,0,0,0,1,1,0,0,0,0,0,1,40,12,1,1,4,2,5,13
0,31,5,0,0,0,0,1,0,1,2,1,0,1,0,0,0,0,1,1,0,0,0,0,1,,,,,,,60,12,2,1,3,2,4,5
1,51,5,1,0,0,0,-1,0,1,1,0,0,1,0,0,0,0,0,0,0,0,0,0,1,0,0,0,0,0,0,12,12,1,1,3,2,2,2
0,5,5,1,0,0,0,-2,0,1,0,0,0,1,1,0,0,1,1,0,0,0,0,1,1,0,1,0,1,0,1,2,18,1,1,4,2,6,6
0,41,5,-1,0,0,0,0,0,0,0,2,7,0,1,1,1,1,1,0,0,0,0,0,1,0,0,0,0,0,0,100,17,3,2,3,2,6,15
0,3,3,-1,0,0,0,0,0,1,0,0,0,1,1,1,1,1,1,0,0,0,0,0,1,0,0,0,0,0,1,12,12,1,1,4,2,7,7
0,40,5,-1,0,0,,0,0,1,1,0,0,1,1,1,0,0,0,0,0,0,0,0,0,0,0,0,0,0,0,120,12,3,3,3,2,3,3
1,16,5,1,0,1,0,-1,1,1,1,0,0,1,0,0,0,0,1,1,0,0,0,1,1,0,1,1,1,1,1,1,13,1,1,4,2,5,9
0,50,5,0,1,1,0,0,1,1,2,0,0,1,1,1,0,0,1,1,0,0,0,0,1,0,0,1,0,0,1,15,12,1,1,3,2,6,14
0,50,5,1,1,2,0,2,1,0,2,0,6,0,0,0,0,0,0,0,1,0,1,0,0,0,1,0,1,0,0,6,12,1,1,2,2,2,12
1,24,5,1,0,2,0,-1,1,1,10,1,0,1,1,0,1,0,1,0,0,1,0,0,1,1,0,1,0,1,1,34,12,2,1,4,2,6,20
1,7,5,1,0,0,0,0,1,0,0,0,0,0,0,0,0,0,1,0,0,0,0,0,1,0,1,1,0,1,1,1,10,1,1,4,1,2,10
0,33,5,-1,0,0,0,2,0,1,5,0,0,1,1,1,0,0,1,0,0,0,0,1,1,0,0,0,0,0,0,48,12,1,1,4,2,6,6
1,16,5,1,0,0,1,2,1,1,1,0,0,1,0,0,0,0,0,0,0,0,0,0,0,1,0,0,0,0,0,100,16,2,2,4,2,1,5
0,50,5,1,0,0,0,0,1,1,0,0,0,1,1,1,1,1,1,1,1,1,1,1,1,0,0,1,0,0,1,1,22,1,1,3,3,12,25
0,32,5,0,1,2,1,1,1,1,6,0,2,1,0,0,0,1,1,0,0,0,0,1,1,0,0,0,1,0,1,10,12,1,1,3,2,5,15
0,30,5,1,0,3,0,0,0,1,0,0,0,1,1,1,1,1,1,0,0,0,0,0,1,0,0,1,0,1,1,0,12,1,1,3,2,7,7
0,2,2,1,0,0,0,-1,0,1,30,0,0,1,1,0,0,1,1,1,0,0,0,1,1,0,1,1,1,1,1,15,10,1,1,4,1,7,7
1,43,5,1,0,4,0,2,1,1,6,0,1,1,0,0,0,1,1,0,0,0,0,1,1,1,0,1,0,0,0,45,12,1,1,3,2,5,14
0,49,5,1,0,0,0,-2,0,1,0,0,10,1,1,1,1,1,1,1,1,1,1,1,1,1,1,1,0,0,1,5,12,1,1,3,2,12,22
0,45,5,0,1,5,0,-1,1,1,0,0,0,1,0,0,0,1,1,0,0,0,0,1,1,1,1,0,1,0,0,115,13,4,4,3,2,5,13
0,25,5,1,0,0,0,0,0,1,0,0,0,1,1,0,0,0,1,0,0,0,0,0,0,0,0,0,0,0,1,4,12,2,2,3,2,3,3
0,19,5,1,0,0,0,-1,0,1,0,0,0,1,1,1,1,1,1,1,1,1,0,0,1,0,0,0,0,0,0,3,40,1,1,4,2,10,10
1,53,5,1,0,0,0,2,0,1,0,0,0,1,1,0,0,0,1,0,0,0,0,0,1,0,0,0,0,0,0,5,12,1,1,1,2,4,4
0,45,5,0,0,0,0,1,0,1,0,0,0,1,1,1,1,1,1,1,1,1,1,1,1,0,0,0,0,0,1,10,14,1,2,2,2,12,12
0,13,5,-1,0,0,0,1,1,1,6,0,0,1,1,0,0,1,1,0,0,0,0,0,1,1,1,0,0,0,0,82,30,3,3,4,2,5,13
1,4,4,1,0,0,0,1,1,1,0,0,0,1,1,1,0,1,1,0,0,0,0,1,1,0,0,0,1,0,1,10,9,3,1,3,1,7,11
0,7,,-1,0,0,0,2,1,1,8,0,5,1,1,1,1,1,1,1,1,1,1,1,0,0,1,0,0,0,1,18,12,1,1,4,2,11,29
0,3,3,1,0,0,0,1,0,1,2,0,0,1,0,0,0,0,1,0,0,0,0,0,1,0,0,0,0,0,1,0,14,1,1,4,1,3,3
1,42,5,0,0,0,0,0,1,1,0,0,3,1,0,0,0,0,0,0,0,0,0,0,0,1,0,0,1,0,0,115,16,1,1,4,2,1,17
0,30,5,0,0,0,0,0,1,1,7,0,0,1,1,0,0,0,1,0,0,0,0,1,1,0,1,0,0,0,0,80,14,3,3,4,3,5,7
1,38,,1,1,0,0,0,1,1,3,0,3,1,1,0,0,0,1,0,0,0,0,0,1,1,1,0,0,0,0,4,12,1,1,3,2,4,15
0,8,5,1,0,0,0,0,1,1,10,0,0,1,1,0,0,0,1,0,0,0,0,0,1,0,0,1,1,0,0,15,12,1,3,4,2,4,17
0,5,1,1,0,4,0,2,0,1,40,0,0,1,1,1,0,0,1,0,0,1,1,1,1,0,1,0,0,0,1,2,12,1,1,4,2,8,8
1,25,5,1,0,0,0,,1,1,0,0,0,1,1,1,0,0,0,0,0,0,0,0,1,0,0,1,0,0,1,1,12,2,1,4,2,4,17
1,44,5,0,1,2,0,0,1,0,10,0,0,0,0,0,0,0,1,1,0,0,0,1,1,0,0,1,0,0,1,5,12,3,3,4,2,4,12
0,18,5,-1,0,0,0,-2,0,1,5,0,0,1,1,1,0,0,0,0,0,0,0,1,1,0,0,0,0,0,0,200,12,3,2,4,2,5,5
0,25,5,-1,0,0,0,-1,0,1,3,0,0,1,1,1,0,0,1,0,0,0,0,1,1,0,1,0,1,0,0,25,23,2,2,4,2,6,6
0,60,5,1,0,0,0,,0,1,8,0,0,1,1,0,0,0,1,1,0,0,0,1,1,0,0,1,0,0,1,10,16,1,1,2,3,6,6
0,45,5,1,0,0,0,1,0,1,2,0,0,1,0,0,0,0,1,0,0,0,0,0,0,1,0,1,0,0,1,20,12,3,3,4,2,2,2
1,20,5,0,0,2,0,0,1,1,3,1,0,1,1,1,1,1,1,1,1,0,0,1,1,0,1,0,1,1,1,5,12,1,1,4,2,10,19
0,7,5,-1,0,0,0,-2,1,1,0,2,0,1,0,0,0,0,1,1,0,0,0,0,1,1,0,0,0,0,1,3,12,2,2,4,2,4,10
0,30,5,1,0,0,0,0,1,0,2,0,3,0,0,0,1,1,1,0,0,0,1,1,1,0,0,1,0,0,1,30,16,1,2,4,2,6,11
0,28,5,-1,0,2,0,-2,1,0,0,0,0,0,0,0,0,0,1,0,0,0,0,0,1,0,0,0,0,0,0,15,12,2,1,4,2,2,22
0,42,2,-1,0,0,0,,0,0,6,0,1,0,1,0,1,0,0,1,0,1,0,0,0,0,0,0,1,0,1,20,12,2,2,3,3,4,5
1,40,5,0,0,0,1,1,1,1,250,0,0,1,1,1,1,1,1,1,1,1,1,1,1,1,0,0,0,1,1,45,12,2,2,3,2,12,32
0,58,5,-1,0,2,1,1,1,1,20,6,8,1,1,1,1,1,1,1,1,1,1,1,1,0,1,0,0,0,1,10,12,1,4,4,3,12,46
1,33,5,-1,0,0,0,-1,0,1,2,0,0,1,1,0,0,0,1,0,0,0,0,0,0,0,1,0,1,0,1,10,12,3,2,4,2,3,3
1,26,5,0,0,0,0,2,0,1,0,0,0,1,1,1,1,1,1,1,1,1,1,1,1,1,0,0,0,0,0,25,12,1,1,4,2,12,12
0,24,5,-1,0,1,0,-1,1,1,10,0,10,1,1,0,0,1,1,0,0,0,0,1,1,1,1,0,0,1,0,100,12,1,1,4,2,6,36
0,10,5,-1,0,0,0,-1,1,1,10,0,0,1,0,0,1,1,1,0,0,1,1,1,1,0,1,0,0,0,1,25,18,2,2,3,2,8,16
1,31,5,1,0,0,0,-1,1,1,6,3,0,1,0,0,0,0,1,0,0,0,0,0,1,0,0,1,0,0,1,0,12,1,1,4,2,3,19
0,52,5,0,1,1,0,0,0,1,5,0,3,1,1,1,1,1,1,1,1,1,1,0,0,1,0,1,0,0,0,80,14,2,1,3,3,10,13
0,30,1,0,0,0,0,1,0,1,15,0,0,1,0,0,0,0,1,0,0,0,0,0,1,0,0,0,0,1,1,5,12,3,3,4,2,3,3
1,48,5,0,0,1,1,-2,1,1,4,2,0,1,1,1,1,0,1,0,0,0,0,0,0,1,,0,0,1,0,85,12,1,1,3,2,5,15
0,63,5,0,0,0,0,-1,0,1,10,0,0,1,1,1,1,1,1,0,1,0,1,1,1,0,0,0,0,0,1,8,12,4,1,2,3,10,10
0,40,4,-1,0,0,0,0,0,0,1,0,0,0,1,0,0,0,1,0,0,0,0,1,1,0,0,0,0,0,1,15,22,2,2,2,3,4,4
1,,5,1,1,2,0,2,0,1,20,0,0,1,1,1,1,1,0,0,1,1,1,1,1,1,1,0,0,0,1,60,12,1,1,3,2,10,10
0,48,5,0,0,0,0,1,1,0,4,0,0,0,0,0,0,0,1,1,1,1,1,1,1,1,0,0,0,1,0,180,19,4,4,3,3,7,11
1,15,5,1,0,2,0,-2,1,1,0,0,0,1,0,0,0,0,0,0,0,0,0,0,0,0,1,1,0,0,1,3,15,1,1,4,2,1,9
1,45,5,1,0,2,0,0,0,1,10,0,0,1,1,1,0,0,1,0,0,0,0,1,1,1,0,1,0,1,,0,12,2,2,4,3,6,6
0,53,5,0,0,0,0,1,0,1,5,0,0,1,1,1,1,1,1,1,1,1,1,1,1,0,0,1,0,0,1,10,12,1,1,3,3,12,12
1,39,5,-1,0,0,0,2,1,1,10,0,0,1,0,0,0,1,1,0,0,0,0,0,1,0,1,0,0,0,1,20,12,2,2,3,2,4,17
0,51,4,0,0,0,0,0,0,1,10,0,5,1,0,0,0,0,1,0,0,0,0,0,1,0,0,0,1,0,0,30,12,2,2,2,2,3,8
0,42,5,0,0,3,0,2,1,1,20,0,0,1,1,1,1,1,1,1,1,1,1,1,1,1,1,1,1,0,0,125,12,3,3,3,2,12,25
0,46,5,1,0,0,0,-1,0,1,6,0,0,1,1,1,0,0,0,0,0,0,0,0,0,0,0,0,0,0,1,20,12,1,1,3,2,3,3
1,39,5,0,1,0,0,0,1,1,3,1,1,1,1,1,1,1,1,0,0,0,0,0,1,1,1,1,0,0,1,5,12,2,2,3,2,7,17
0,58,5,-1,0,0,0,1,1,1,7,3,7,1,1,1,1,0,1,0,0,1,1,1,1,0,1,0,0,1,1,10,12,2,1,3,3,9,39
1,31,4,1,0,0,0,1,0,1,1,0,0,1,1,0,0,0,0,0,0,0,0,0,0,1,0,0,0,0,0,90,12,,,,2,2,2
1,52,5,0,0,0,0,2,0,1,6,0,0,1,1,1,1,1,1,1,1,1,1,1,1,1,0,1,0,1,1,5,12,1,1,4,2,12,12
0,21,4,1,0,0,0,-1,0,0,0,0,0,0,0,1,0,1,1,0,0,0,0,1,1,0,0,0,0,0,1,0,12,2,2,4,2,5,5
0,14,5,1,0,0,0,1,0,1,10,0,0,1,1,1,1,1,1,0,0,0,0,0,0,1,0,1,0,1,0,100,12,3,3,3,2,6,6
1,23,5,0,0,4,1,0,1,1,5,0,5,1,1,0,0,0,1,1,0,0,0,0,1,0,0,1,0,1,1,5,12,4,2,4,2,5,30
0,48,5,0,0,0,0,-2,1,1,12,0,6,1,1,0,0,0,1,0,1,0,0,0,1,1,0,0,0,1,0,62,12,1,2,3,2,5,15
1,32,5,1,0,0,0,2,0,1,2,0,0,1,0,0,0,0,0,0,0,0,0,0,0,1,0,1,0,0,0,140,12,4,1,3,2,1,1
0,37,5,0,0,0,0,2,1,1,5,0,0,1,1,1,0,0,1,0,0,1,0,0,1,1,1,0,1,0,0,150,12,3,3,4,2,6,14
0,40,5,1,0,2,0,0,0,1,5,0,5,1,1,1,1,1,0,0,1,0,0,0,0,1,1,0,0,0,1,10,12,1,1,2,2,6,11
1,7,3,0,0,1,0,-2,0,0,5,0,0,0,0,0,0,0,0,0,0,0,0,0,1,0,0,1,0,1,1,18,23,2,2,4,2,1,1
1,33,5,-1,0,0,0,-2,0,1,5,0,0,1,1,0,0,0,1,0,0,0,0,1,1,0,1,1,0,1,1,10,12,4,4,4,2,5,5
0,56,5,-1,0,1,0,1,0,1,6,2,0,1,1,1,1,1,1,1,0,0,0,0,1,1,0,0,0,0,1,12,12,2,2,2,3,8,10
0,30,5,-1,0,0,0,0,0,1,6,0,0,1,1,1,0,1,1,0,0,0,1,1,1,0,0,0,0,0,0,35,12,1,4,3,2,8,8
1,25,4,1,0,0,0,-2,0,1,0,0,0,1,1,0,0,0,0,0,0,0,0,0,0,0,0,0,0,0,0,142,24,4,4,4,2,2,2
1,5,5,0,0,0,0,-1,1,0,0,0,0,0,0,0,0,0,1,0,0,0,0,0,1,0,0,0,0,0,1,5,42,2,2,4,2,2,4
0,50,5,-1,0,0,0,2,0,1,0,0,0,1,1,1,1,1,1,0,0,0,0,0,0,1,0,0,0,1,0,55,12,1,1,3,2,6,6
0,47,5,0,0,0,0,0,0,0,0,0,0,0,0,0,1,1,1,0,0,0,0,0,0,1,0,0,0,1,0,200,18,1,1,4,3,3,3
1,47,5,-1,0,1,0,1,1,0,1,0,4,0,0,1,1,1,1,1,1,1,1,1,1,0,1,0,0,0,1,8,18,3,3,3,3,10,34
0,60,5,1,0,0,0,0,0,1,0,0,0,1,1,1,0,0,0,0,0,0,0,0,0,1,0,0,0,0,1,17,12,1,1,2,3,3,3
0,50,2,1,0,0,0,1,0,0,0,0,0,1,1,1,1,1,0,0,0,0,0,0,0,1,0,0,0,0,0,120,12,1,1,3,3,5,5
0,53,5,-1,0,0,0,-1,0,1,2,0,0,1,1,0,0,0,1,0,0,0,0,1,1,0,1,0,0,0,1,1,12,2,2,3,3,5,5
1,18,5,1,0,0,1,2,1,1,0,0,5,1,1,1,0,0,1,0,0,0,0,1,1,0,0,1,1,0,1,60,12,2,2,3,2,6,31
0,6,5,0,0,1,0,-1,1,1,1,2,5,1,0,0,0,0,1,0,0,0,0,0,1,0,0,0,0,1,0,15,8,1,1,4,1,3,14
0,10,5,0,0,0,0,0,0,1,,0,0,1,1,1,0,1,1,0,0,0,1,1,1,0,1,1,0,0,1,10,12,1,1,4,2,8,8
1,45,5,1,0,2,0,-1,0,1,0,0,0,1,1,1,1,1,1,1,1,1,1,1,1,0,1,0,0,0,1,0,12,1,1,2,2,12,12
0,66,5,1,0,0,0,2,0,0,0,0,0,1,0,0,0,0,0,0,0,0,0,0,1,0,0,0,0,0,0,25,16,4,4,3,3,2,2
0,38,5,0,0,0,0,0,0,1,15,0,0,1,1,1,1,1,1,0,0,0,0,0,0,1,1,0,0,0,0,150,12,1,1,4,2,6,6
0,30,5,0,0,1,0,0,1,1,3,0,4,1,1,1,0,0,1,0,0,0,0,0,1,1,0,0,,1,1,1,12,1,1,4,2,5,17
0,8,5,1,0,0,0,1,1,1,0,0,0,1,1,0,0,0,1,0,0,0,0,0,1,0,0,0,0,0,1,10,12,1,1,4,2,4,8
0,8,5,1,0,0,0,-2,0,1,4,0,0,1,0,0,0,1,1,0,0,0,0,0,1,0,1,0,0,0,1,5,12,1,1,4,2,4,4
0,46,5,0,0,0,0,-1,0,1,4,0,0,1,1,1,0,0,1,0,0,0,0,1,1,0,0,0,0,0,0,30,13,1,1,4,2,6,6
1,42,5,1,0,0,0,2,0,1,5,0,0,1,0,0,0,1,1,0,0,0,0,0,1,1,0,1,0,1,1,8,16,1,1,4,2,4,4
1,60,5,0,1,0,0,-1,1,1,2,0,0,1,1,1,1,1,0,0,0,0,0,0,0,1,0,0,0,1,0,102,12,2,4,2,3,5,18
0,63,5,0,0,1,0,2,0,1,7,0,0,1,1,0,0,1,1,1,0,1,0,0,1,1,0,0,1,1,1,5,12,2,2,3,3,7,7
1,41,5,1,0,0,0,2,1,1,2,0,0,1,1,1,1,0,0,0,0,0,0,0,0,0,1,0,0,0,0,125,12,4,4,3,2,4,17
0,5,5,1,0,0,0,2,0,0,2,0,0,0,0,1,1,0,0,0,0,0,0,0,0,1,1,1,0,1,0,150,40,3,3,4,2,2,2
0,11,5,1,0,0,0,1,0,1,0,0,0,1,0,0,0,0,1,0,0,0,0,0,1,0,1,0,0,0,0,25,12,1,1,4,2,3,3
1,41,3,-1,0,1,0,2,0,1,8,0,0,1,1,1,1,0,0,0,0,0,0,0,0,0,0,1,0,0,0,400,12,2,2,4,2,4,4
1,23,5,-1,0,3,0,0,1,1,7,0,0,1,1,0,0,0,0,0,0,0,0,0,1,0,1,0,0,1,0,135,12,3,1,4,2,3,7
0,10,5,0,0,5,0,0,0,,15,0,0,1,1,1,1,1,1,0,0,0,0,0,1,0,1,1,1,0,1,0,12,1,1,3,2,7,7
0,70,5,-1,0,0,0,2,0,1,0,0,0,1,1,1,0,0,0,0,0,0,0,0,0,1,0,0,0,0,1,30,12,4,2,3,3,3,3
0,46,5,-1,0,0,0,-1,0,1,0,2,0,1,1,0,0,0,0,0,0,0,0,1,1,1,0,0,0,0,0,60,12,1,2,2,2,4,6
1,57,5,0,0,0,0,2,1,1,3,3,0,0,0,0,1,1,1,1,1,0,0,0,0,0,0,1,0,0,0,120,12,1,1,3,3,5,16
0,38,5,0,0,1,0,2,0,1,10,0,0,1,1,0,0,0,1,1,0,0,0,0,1,0,0,1,1,0,0,25,12,2,2,3,2,5,5
0,5,5,0,0,0,0,-1,1,0,5,0,0,1,0,1,0,0,1,0,0,0,0,1,1,0,0,1,0,0,1,40,48,2,2,3,2,5,9
0,35,5,0,0,5,1,1,1,1,5,0,5,1,1,1,0,0,1,0,0,0,0,0,1,0,1,1,0,0,1,1,12,1,1,3,2,5,30
0,2,2,0,0,0,0,0,0,1,5,0,0,1,0,0,0,0,0,0,0,0,0,0,1,1,0,0,0,1,1,15,13,1,1,4,1,2,2
0,2,4,-1,0,0,0,-1,0,0,3,2,0,0,0,0,0,0,1,1,0,0,0,0,0,0,0,0,0,0,0,100,12,3,3,4,1,2,4
0,12,5,1,0,3,0,-2,1,0,5,2,2,0,0,0,0,0,1,0,0,0,0,0,1,0,1,0,0,0,0,180,13,3,1,3,2,2,14
1,52,5,1,1,0,0,0,0,1,0,0,0,1,1,0,0,0,0,0,0,0,0,0,1,0,0,0,0,0,0,20,27,1,1,2,3,3,3
0,40,3,1,0,0,0,1,0,1,2,0,0,1,1,1,1,0,0,0,0,0,0,0,0,1,1,0,0,0,0,"2,200",15,,1,4,2,4,4
1,33,5,0,0,2,0,0,1,1,5,0,5,0,0,0,0,0,0,0,0,0,0,1,1,1,1,1,1,1,0,200,12,3,3,3,2,2,20
1,49,5,1,0,11,1,2,1,1,10,0,0,1,1,1,1,0,0,0,0,0,0,0,0,1,1,0,0,0,1,10,12,1,1,3,2,4,17
0,16,5,-1,0,0,0,-1,0,1,1,0,0,1,0,0,0,0,1,0,0,0,0,0,1,0,0,0,0,0,0,80,12,1,1,4,2,3,3
0,30,5,0,0,0,0,-2,0,1,21,0,14,1,1,0,1,1,1,0,0,0,0,0,0,1,1,0,0,0,1,10,12,2,2,4,2,5,19
0,40,4,0,0,0,0,-1,0,1,5,0,0,1,1,0,0,1,1,0,0,0,0,0,1,1,0,0,0,0,1,12,12,2,1,2,2,5,5
0,28,5,1,0,0,0,1,0,1,0,0,0,1,1,0,0,0,0,0,0,0,0,0,0,0,0,0,0,1,0,15,23,2,3,4,2,2,2
0,13,5,1,0,0,0,-1,0,1,0,0,0,1,1,1,0,0,0,0,0,0,0,1,1,0,0,0,0,1,0,150,12,2,1,3,2,5,5
1,12,5,-1,0,0,0,-2,0,1,12,0,0,1,1,0,0,0,1,1,1,0,0,0,1,0,0,0,0,1,1,12,18,3,3,3,2,6,6
0,44,5,1,0,5,0,2,1,1,20,0,0,1,0,1,1,1,1,0,0,0,0,0,1,0,1,0,1,0,1,5,12,1,1,3,2,6,19
0,43,5,1,0,0,0,-2,1,1,0,5,7,1,0,0,0,0,1,1,0,0,0,0,1,0,0,0,0,0,1,7,12,2,1,3,2,4,24
0,51,5,0,0,0,,0,1,1,0,0,0,1,1,0,0,1,1,1,0,0,0,1,1,0,0,0,0,0,1,10,12,1,4,3,2,7,11
0,25,2,1,0,0,0,0,0,1,0,0,0,1,1,0,0,0,1,0,0,0,0,0,1,0,0,1,0,0,1,1,15,2,1,3,2,4,4
0,20,5,0,0,1,0,-2,1,0,3,0,0,0,1,1,1,1,1,1,0,1,0,1,0,0,0,1,1,0,1,15,16,3,1,3,2,8,16
0,45,5,1,1,0,0,2,0,1,0,0,0,1,1,0,0,0,0,0,0,0,0,0,0,1,1,,0,0,0,100,14,1,1,2,2,2,2
0,63,5,0,0,0,0,-1,0,1,1,0,0,1,1,1,1,1,1,1,1,1,1,0,0,0,0,0,0,0,1,10,12,2,1,3,3,10,10
1,49,5,0,0,0,0,1,0,1,8,8,0,1,1,1,1,1,1,1,0,0,0,1,1,0,0,1,0,0,1,10,12,1,1,3,3,9,17
1,20,5,0,1,0,0,0,1,1,10,0,0,1,1,1,1,1,1,0,0,1,1,0,0,0,0,0,0,0,1,20,13,1,2,2,2,8,21
0,12,1,-1,0,0,0,,0,1,2,0,0,1,0,0,0,0,1,0,0,0,0,0,1,0,0,0,0,1,1,10,12,1,1,3,2,3,3
0,65,3,0,0,0,0,0,0,0,0,1,1,1,0,0,0,0,0,1,0,0,0,0,0,0,0,1,0,0,1,3,15,1,1,3,3,2,4
0,62,5,0,0,0,0,-2,0,1,14,0,0,1,1,1,1,1,1,1,1,1,1,1,1,0,1,0,0,0,0,10,12,2,1,2,3,12,12
1,30,5,0,0,2,0,-1,1,1,10,0,0,1,1,1,1,1,1,0,0,0,0,0,0,0,1,1,1,0,0,0,30,1,,2,2,6,19
1,9,5,-1,0,2,1,-2,1,0,10,0,0,0,0,0,0,0,1,1,0,1,0,1,1,0,0,1,1,0,0,25,15,2,2,4,2,5,18
0,3,3,0,0,0,0,0,0,1,3,0,0,1,1,1,1,0,0,0,0,0,1,0,1,0,0,0,0,0,1,5,13,1,1,4,1,6,6
0,24,5,0,0,0,0,-1,0,1,0,0,0,1,0,0,0,0,0,0,0,0,0,0,1,0,0,0,0,0,1,,12,2,2,4,2,2,2
0,42,5,1,0,0,0,-1,1,1,3,0,0,1,1,1,0,0,1,0,0,0,1,0,1,0,1,1,0,0,0,4,10,1,1,4,2,6,14
0,30,5,1,0,0,0,2,0,1,0,0,0,1,1,1,0,0,1,0,0,0,0,0,0,1,0,1,0,1,1,,16,1,1,3,2,4,4
0,30,5,-1,0,0,0,0,0,1,2,0,0,1,1,0,0,0,1,0,0,0,0,0,1,0,0,0,0,0,1,10,13,1,1,4,2,4,4
0,30,5,1,0,0,0,,0,1,0,0,0,1,1,1,0,0,0,0,0,0,0,0,0,0,0,0,0,0,1,2,12,1,1,3,2,3,3
0,7,5,0,0,0,0,0,0,1,2,0,0,1,0,0,0,0,1,0,0,0,0,1,1,0,0,1,0,0,0,8,,,,,2,4,4
0,60,5,-1,0,0,0,1,0,1,0,0,4,1,1,0,0,1,1,0,0,0,0,0,0,0,0,0,0,0,0,106,16,2,2,2,3,4,8
0,20,3,1,0,0,0,2,1,1,12,0,0,1,1,1,1,1,1,1,1,1,1,1,1,0,0,0,1,0,0,5,13,1,1,2,2,12,12
0,60,5,0,0,1,1,0,1,1,10,0,10,1,1,1,1,1,1,1,0,0,1,1,1,0,1,1,0,1,1,5,12,2,1,3,3,10,28
0,5,5,0,0,1,0,0,1,1,6,5,0,1,1,0,0,0,1,0,0,0,0,0,1,1,1,1,0,0,1,15,12,2,2,4,1,4,29
0,20,5,1,0,0,0,,0,0,50,0,0,0,0,0,0,0,1,0,0,0,0,0,1,0,1,0,0,0,1,1,35,1,1,3,3,2,2
0,25,5,1,0,0,0,2,0,1,2,0,0,1,1,0,0,0,0,0,0,0,0,1,1,1,0,0,0,1,0,70,18,3,3,3,2,4,4
0,40,5,1,0,0,0,-2,0,1,0,0,0,1,1,0,0,0,1,1,1,0,0,0,1,0,0,0,0,0,1,15,17,2,1,3,2,6,6
0,20,5,-1,0,0,0,1,0,1,0,0,0,1,1,0,0,0,0,0,0,0,0,0,0,0,0,0,0,0,0,40,40,1,1,2,2,2,2
0,43,5,0,,1,0,1,1,,10,0,2,1,1,1,1,1,1,1,1,1,1,1,1,1,1,1,0,0,1,20,12,,2,3,2,12,34
0,4,4,1,0,0,0,1,1,1,0,0,0,1,0,0,0,0,1,0,0,0,0,0,1,0,0,1,0,0,1,0,12,1,1,4,1,3,7
1,34,5,1,1,0,0,2,0,1,2,0,0,1,1,1,1,0,0,1,1,1,0,0,0,0,,0,0,0,0,25,,,,,2,7,7
0,3,3,-1,1,0,0,0,0,1,1,0,0,1,1,1,0,0,0,0,0,0,0,0,0,0,1,0,0,0,0,150,43,1,1,3,2,3,3
0,2,2,1,0,0,0,1,1,1,0,0,0,0,0,0,0,0,1,0,0,0,0,0,1,0,0,0,0,0,0,,13,2,3,4,1,2,10
1,30,5,0,0,0,1,0,1,1,10,0,11,1,1,1,1,1,1,0,0,0,0,0,1,1,0,1,0,1,1,30,16,1,1,3,2,7,38
0,53,5,-1,0,0,0,0,0,1,0,0,0,1,1,1,0,0,0,0,0,0,0,0,0,0,1,0,0,0,1,35,16,2,1,4,3,3,3
0,25,4,1,0,0,0,0,0,1,2,0,0,1,1,1,1,1,1,1,1,0,1,1,1,0,0,0,,1,1,25,12,1,1,2,2,11,11
0,65,5,0,0,0,0,-1,1,1,20,0,0,1,1,1,0,0,1,1,1,1,0,0,1,0,0,0,0,0,0,10,14,1,1,3,3,8,12
1,45,5,-1,0,0,0,1,0,1,0,0,5,1,0,0,0,0,0,1,0,0,0,0,0,0,1,0,1,0,1,25,12,1,1,3,2,2,7
0,40,5,-1,0,0,0,1,1,,1,0,0,1,1,1,0,0,0,0,0,0,0,0,0,1,0,0,1,0,0,150,12,2,1,3,2,3,3
1,52,5,0,0,0,0,0,0,1,12,2,6,1,1,1,1,1,1,1,1,1,1,1,1,0,1,1,0,,1,1,12,1,1,3,2,12,20
0,55,5,-1,0,0,0,2,0,1,15,4,8,1,1,1,0,0,1,0,0,0,0,0,1,0,0,0,0,0,1,10,12,2,1,3,3,5,17
1,53,5,-1,0,0,1,0,1,1,0,2,5,1,1,1,1,1,1,1,0,0,1,1,1,0,0,0,0,1,0,30,15,1,1,3,3,10,21
0,53,5,1,0,0,0,2,0,1,0,0,0,1,1,1,0,0,0,0,0,0,1,1,1,1,0,0,0,0,0,100,12,1,2,3,3,6,6
0,7,5,-1,0,0,0,1,1,1,2,0,2,1,0,0,0,0,1,0,1,0,0,0,1,0,0,0,0,0,0,20,11,1,1,3,2,4,10
0,50,5,1,0,0,0,0,0,1,0,0,0,1,1,1,1,1,1,1,1,1,1,1,1,0,0,0,0,0,1,4,16,1,1,2,3,12,12
0,28,5,-1,0,0,0,1,0,1,5,2,0,0,1,0,0,0,1,1,0,1,0,0,1,1,,,1,0,1,3,11,2,2,3,2,5,7
0,28,5,-1,0,0,0,2,0,1,,0,0,0,0,0,0,0,1,0,0,0,0,0,1,,,,,,,,,,,,2,2,2
0,17,5,0,0,6,0,0,0,1,20,0,0,1,1,1,1,1,1,0,0,0,0,1,1,1,1,1,0,0,1,0,12,2,2,4,2,8,8
0,35,5,0,0,0,0,-1,0,1,2,0,0,1,1,0,0,0,1,0,0,0,0,0,1,0,0,0,0,0,1,2,12,1,1,2,2,4,4
0,52,5,0,0,2,0,0,1,1,5,0,3,1,1,0,1,1,1,1,1,1,0,1,1,0,1,0,0,0,0,27,18,4,4,4,3,10,21
0,43,5,1,0,0,0,1,1,1,6,0,0,1,1,0,0,0,1,0,0,0,0,0,1,0,1,0,0,0,1,0,12,1,1,3,2,4,12
1,62,5,,0,0,0,,1,1,0,0,0,1,0,0,0,0,0,0,0,0,0,0,0,0,0,0,0,0,1,15,12,4,3,2,3,1,5
0,11,5,-1,0,0,0,0,0,1,3,0,0,1,0,0,0,1,1,0,0,0,0,0,1,0,0,0,0,1,0,30,12,1,1,2,2,4,4
1,28,5,0,0,0,1,2,1,1,5,0,0,1,1,0,0,0,1,0,0,0,0,0,1,0,0,1,0,0,1,1,12,1,1,3,2,4,12
1,20,4,1,0,6,0,0,1,0,20,0,0,0,0,1,1,0,0,0,0,1,1,1,0,0,1,0,0,0,0,40,12,1,1,4,2,5,25
0,40,5,0,0,0,0,0,1,1,2,0,0,1,0,0,0,0,1,0,0,0,0,1,1,0,0,1,0,0,0,10,,,,,2,4,8
1,10,5,0,0,1,1,0,1,1,150,1,3,1,1,1,1,1,1,1,0,1,1,0,1,1,0,0,0,1,1,3,8,1,1,4,2,10,22
0,33,5,1,0,1,0,0,0,1,6,2,2,1,1,0,0,0,1,1,1,1,1,1,1,0,1,0,0,0,1,4,12,2,1,4,2,9,13
0,50,5,1,0,0,0,1,,1,0,3,0,1,1,0,0,0,0,0,0,0,0,0,0,1,1,0,0,0,0,190,10,3,3,2,3,2,5
0,41,5,-1,0,0,0,-2,0,0,0,2,2,0,0,0,0,0,1,0,0,0,0,0,1,0,0,0,0,0,0,45,12,2,2,3,2,2,6
0,50,5,0,0,0,0,-1,0,1,4,0,0,1,1,1,1,1,1,1,1,1,1,1,1,0,0,1,0,0,0,25,16,2,1,3,3,12,12
0,18,5,-1,0,0,0,-2,1,1,2,0,4,1,0,0,0,0,1,0,0,0,0,0,0,0,0,0,0,0,1,20,15,1,1,4,2,2,14
0,30,5,-1,0,0,0,,1,1,4,0,0,1,1,1,0,0,1,1,1,0,0,0,1,,,,,,1,11,18,2,1,3,2,7,11
1,8,5,0,0,2,0,-2,1,1,25,0,5,1,0,1,1,1,1,0,0,0,0,0,1,0,1,1,0,1,1,0,11,1,1,4,1,6,19
1,26,5,0,0,0,0,-1,0,1,0,2,10,1,1,0,1,1,1,1,0,0,1,1,1,0,0,0,0,1,0,25,12,1,2,3,2,9,21
0,18,5,0,0,2,0,-1,0,1,15,2,7,1,0,0,0,0,1,1,1,0,0,0,1,0,1,0,0,1,1,10,12,1,1,4,2,5,14
1,14,5,1,0,3,1,0,0,1,0,0,0,1,0,0,0,0,1,0,0,0,0,0,1,1,0,1,0,0,0,90,16,1,1,4,2,3,3
0,1,1,1,0,0,0,1,0,1,2,0,0,1,1,0,0,0,0,0,0,0,0,0,0,1,1,1,0,0,0,100,22,3,3,4,2,2,2
0,26,5,0,0,0,0,,0,1,4,0,0,1,1,1,0,0,0,0,0,0,0,0,0,1,0,0,0,0,0,190,15,3,3,4,2,3,3
0,1,0,-1,0,0,0,-1,0,1,0,0,0,1,0,0,0,0,0,0,0,0,0,0,0,1,0,0,0,0,0,100,33,3,3,3,2,1,1
0,54,5,0,0,0,0,0,0,1,0,0,0,1,1,1,1,1,1,0,0,0,0,1,1,1,,,,1,0,60,14,1,1,2,3,8,8